sample_ID,S,H,K,no_spp_niche_0,no_spp_niche_1,no_spp_niche_2,no_spp_niche_3,no_spp_niche_4,no_spp_niche_5,no_spp_niche_6,no_spp_niche_7,no_spp_niche_8,no_spp_niche_9,no_spp_isle_0,no_spp_isle_1,no_spp_isle_2,no_spp_isle_3,no_spp_isle_4,no_spp_isle_5,no_spp_isle_6,no_spp_isle_7,no_spp_isle_8,no_spp_isle_9,no_spp_isle_10,no_spp_isle_11,no_spp_isle_12,no_spp_isle_13,no_spp_isle_14,no_spp_isle_15,presence_absence_matrix_cols_isles_concatenated
1,49,16,10,4,5,6,7,10,4,3,3,3,4,11,10,11,10,11,11,13,15,15,19,20,20,27,27,32,38,paaapaaaapaaaaappaaaaapaaaaaaaaapaaapaapaapaapaaaapaapaaaapaaaaaapaaaaaapaaaaaaaaapaaapaapaapapaaapaaapaaaaapaaaaapaaaaaaapaaaaaaaaapaapapaapappaaapaaaapaaapaaaaaapaaaaaapaaaaaaaaaaapaappaaapaapaaaapapaaaapaaaaappaaaaapaaaaaaaaaaapaapapaaapapaaaapaapaaaapapaaapaaaaaapaaaaaaaaaaapaapaapaaapapaapaaapaaaapaaaaaapaaaaappapaaaaaapapaapaapapaapaaapaaapaaaapaapaappaaaaappaaaaaaaapapaapapaaaappapapapppaaaapaaaaaappaaaappapaaaaaaaapaaappaapaaaapappaapppaapaapaappaaaaappaapaaaaaaaapaapaapappppaapppappaaapaapaaapaaaaappappppaaapaaaapaaapppapaaapppappaaapaaaaappapaaappapaapppaaapaapaapaapaaaapppppppppapaaappppappaappapaaappaaapaapapapppaapaapppppppaapappaappapaaappppaappppaapaappapapaapaaapppppppappappappppapaapppppapppapapaapaappppapaaapppppppapppppaappppppppppppapppppapapappaapppppaa
2,49,16,10,7,3,6,8,4,3,4,3,6,5,10,10,10,11,10,12,15,14,15,20,20,17,27,30,25,27,paaaaaapaapaaaaapaaaaaaapaaapaapaaapaapaaaaapaaaaapaaaaapaapaaaaaapaaaaaapaaapaaapaapaaapaaaapaaaaapaaaaapaaapaaaaaapaaaaapaaapaaapaapaapaaaaaapaaaaapaaaapaapaaaaapaaaaaaappaaapaaapapaapaaaaapaaaaapaaaaapaaaapaaapaaaaaaapaaapaaaapapaapaaaaapaaaaapapaaapaapaaaaaapapaaaapaaapaapaaapaaaapaaaaapaaaaaapaapaappapaapapapaaapaaaapaapaapaapaaaaapaapaaaaapaapaapppaaaaapapaaappaapaaapaapaapaaaaaaaapaapaapaapaappaaaapapapaaapaaapaaappapaapaaaaaaapaapppapaapaapppapapapapaaappaapaaaapapaappaaaaapaaappaappppaapppaaaaapapaaappaapaaapaappapaaaaapapaapppappapaapapaaapapapaaapaaapaapaaapaapaaaaaaapaapppappappapppapapppapppappaapappaaapappaaaaapapaappppppapappppapapapapapapppppaaappapapapapaapapappppappppaapppapapapapaappppaapaapaapaaaapappaapaapppappppaapppapppppapaaappaappaaapppaapaaaaapapap
3,54,16,10,6,12,3,7,7,4,3,5,5,2,10,12,12,11,10,13,13,14,19,19,28,23,32,31,32,41,paaaaapaaaaaaaaaaapaapaaaaaapaaaaaapaaapaapaaaapaaaapaapaaaappaaaaaaaaaaapapaaaaaaapaaaaaapaappaapaaaapaaapaaapaaaaappaaaaaaaappapaaaaaapaaaaaaapaaapapaaaapaaaapaapaaaaaaaapaaaaaaaapapaaaaaaapaaaaaaappapapaaaaapaaapaaaapaaaaaaapaaaaaaapaapaaaaapaaaaaaaaappaapaaaaapaaaapapaaaapaaaaaaaaaaappapaaaaaapappaaaaaappaaaapaaaapaapaappaaaaaaaapaaaaaappapaaaaaapapaaaaapaaaapaaapaapaaapaapaaaapaaaapaaaaaappppaaaaaapaaaaaappaapaaaaaappaaaapappaaaappaaapppaaaapppppaaaaappaaaaaaapaaapaaaapaaapapaapppaapaapapapaaaappppaaaaaapppaaaaapaaaappaaaapaaaapapppppapapaappapaaapppppppaaapppapaaaaapaapppapaapaaapapappaappaaapppaaaappappaappapppaaaaapapapaaaapaaaaappapppppappapapppppaapppppappaapppaapaaappappaaaapppaaapappppppppppapppppaapppppaapaappppaaaaaapapppaaaaapaaapappppppppppappppapapppppaapaapppaaapaaappaapaaappaaappapppppappppppppppappppppppppppppppppapapppapaaaappaaapa
4,38,16,10,7,4,2,2,6,3,4,4,3,3,10,10,10,11,11,11,13,15,19,16,17,17,23,20,23,24,paaaaaapaaapapapaaaaapaapaaapaaapaapaaapaaaaapaaapaappaaaaapaapaaaapaapaapaaapaaaaapaaaapappaaaaaapaapaapaaapaaapaapaaaaapaaaapappaaaaaapapaaappaaapapaappaaaaapaaaappaapaaaaapapaaapaaapaapaapaaaaaapaaaapppapaaaapaapaaaaapapaapaapaaaaaapaaappppappaaaapaaapaaapapaapaappaaaaappaappppppaaaapaapaaaapaapaapaapppaaaappaappppppppaapaapaaaapaappapaappaaaaappaappppppaaaapaaaaapapapapapaapppaaaappaappppppaapapaapaaaapaapaapaappaaaaapppappppppaapaapapaaaaapapaapaappppaaapppapppppppaapapppapaapaapappaapppaaaapppapppppppaapppapaaaapaapaapaapppapaappaapppppppapppaapaaappaaapppappppaappppappppppppappaapppaaappapaapaa
5,51,16,10,5,8,7,7,9,2,3,3,5,2,10,10,11,11,11,15,11,13,18,19,22,28,28,35,33,35,paaaapaaaaaaapaaaaaapaaaaaapaaaaaaaapapaapaapaaaapaapaaaapaaaaaapaaaaaapaaaaaaapaaaaaaaappaapaapaaaapapaaaaaappaaaaapaaaaaapaaaaaaapaaaaaaappaaapaapaaapaapaaaapaaaaaapaaaaaaaapaaaaaaappaaaaappaaapaapaaapaapaaaapapaaaapaaaaaapaaaaaaapaaaaaaaappaaaapapaaapaapaaaapppaaaapapaaaaaaapaaaaaaaapaaaappaaapaapppapapapaaapaaaaaapaaaaaaapaaaaapaaaaaaaaappaaapapaaaapaapaaaapaaaaaapaapaaapappaaaapaaaaaaaappaaaapaaaappaappaaapaapaaaappapaapapaaaappaappaaaappaaaappaaaaapppaaaapaaaaaapppaapappppaaappaaapaaaapapaaapapaaapappapaapapaaaappapapappppaaapppaaapaaappaaaapapaaapapppppppppaaaappppapappppaaappaaapppaappaaapapaaaapappppappappaaappapaaapppppaapppapppaapppaaaapapaaapappppappppappappppppappppapappaapppppappaaapappapaapppppappppaappppppppappppaapppaappppaapaapaapppaaapappppappppappapppppppppppaaapppappppapppaaapppaaaapa
6,52,16,10,9,6,6,6,3,7,4,5,3,3,10,10,10,11,10,12,13,13,15,18,21,21,25,27,30,32,paaaaaaaapaaaaapaaaaapaaaaapaapaaaaaapaaapaaaapaapaapaaaaaaaapaaaaaapaaaaapaaaapaaapaaaaapaaaapaaaapapaaapaaaaaaapaaaaaaapaaapaaaaapaaaapaaaapaaapaaaapaapaaaapaaaaaapaaaaappaaaaaapaaapaaaaapaaapaaapaaaapaaapaaaapaaaaaapaaaapaaaaaaapaaapaaapaaaaapaaaaapaaaappaaaapaaaaaapaaaaappaaaapaaaaapaaaapapaaapaapaaaapaapaaaaappaaaapaaaaappaaaappaaaapaaaaaaapapaaapaaaaapapaapapaaaaaapaaaaappaaaapapaaapaaaaaapaapaaaaaapapaapaapapaaaaaapppaaappaaaappaaaapaaaaaapaapaaapaaaaapapaapapapaaaappaaaappapaapppaaappaaapaaaaaapapaaaaaappaapppppaaaappaaaappppaappapaapaaaaaapaapapaaaapaapapaappppapaaapppaaappaapapppaaapapaaaaapapaaapaaaapaapaappppaaaaapppppapppppapppapapaaapaapaaaapapaaaaapapaapppppaaaapppaaapppppappppaappaappaaaapaapaaapapappaapppppappapppaappppppappppappaaapapaappaaaaaaappaapappppppapappppappppapppppppappaaaapaaaaaaappaappppppaa
7,44,16,10,7,6,5,7,3,4,1,3,5,3,10,10,11,10,11,12,14,17,12,17,19,22,26,22,27,31,paaaaaapaaaaapaaaapaaaaaapaapaaappaapaaaapaaapaaaaapaaaaapaaaaapaaaaapaapaaappaapaaaapaapaaaaaaapaaaapaaaapaaaaaapaaappappaaapaaapaaapaaaaapaaaaapaaaapaaaaaapaaapaapapaapaaapaaaapaaaappaaaapaaaapaaaaaapaaapaappaapaaaapaaapaaaaaaappaapaaaapaaaaaapaaapaappaapapaapaapppaaaappaaaappaaapaaaaaapaaapaappaapaaaapaappaaaaapppapapapaapppaaaapaaapaappaapaaaapaaapaaaaapapaaappaaapaaaaaapaaaapappaapaaaapaappaaaaapppaaappaaapppaaaapaaapaappaappaaapaapppaaaappppaappaaapapaaaapaaappappaappaaapaappppaaapppaaappapapppaaaappaapaappaapppaapaapppappappppapppppppppaaaappaapaappaaaaapappapppaaapppppaappapapppaaaapppapaappaaaapaapaapppaapapppapapppppppppaaapppapaappapappaapaapppaapappppppppppppppappppppaaapppaapaaappap
8,47,16,10,7,4,5,8,3,4,6,3,4,3,10,10,11,11,12,10,14,15,14,19,23,21,26,28,30,32,paaaaaapaaapaaaapaaaaaaapaapaaapaaaaapaapaaapaapaaaaaapaaaapaaaapaaaaaapaapaaaapaaaaapaapaaapaapaaaaapaaapaaaaappaaaaapaapaaaaapaaaapaapaapaaapaaaaapaaappaaaaaapaaaapaaapaapaaaaapaapaaaapaaappaaapaaaapaaapapaaaaapaaaapaapaaaaapaapaapaaaaapaaaapaaapaaaaaaapaaapaapaaaaapaaaaapaapapaapapapaaapaaapaaapppaaaaapaaaapaaaapaapaaapaapaapappapappaappaaaapaaaaaapaaapaapaaaaapaaaapaaappapaaappaaappaaaapaaaaaappaapaaapaaaapaaaapapaappppaappapappaaapppaaaaapaaaapaaapaaapaappaapaapapapppppaapppaapppapaaappapaaapapaaappaapaapaapppapapppaapppaaappaaaaappapaappaaapaaappaaapaappppppappaappppappppappappaaaapappaaapaapaaapaapppppapppaapppappppaaapappappaaaapaapppppapapaapppppppppappppappppaaapappppaaapppaaappapapapaapppppppppaapppappppppapppppapappapaaapaappappaa
9,47,16,10,6,6,6,7,5,6,3,4,3,1,10,11,12,10,12,14,13,13,16,17,17,23,23,28,29,34,paaaaapaaaaapaaaaapaaaaaapaaaapaaaaapaapaaapaappaaaaapaaaaapaaaaapaaaaaaapaaaappaaapaaapaapaappaaaaappaaaapaaaaappaaaaaaapaaapaaaapaapaaapaappaaaaapaaaaapaaaaapaaaaaaaapaaaaapaapaaapaapaappaaaaapaaaaappaaaaaapaaaaapaaaaaaapappaaapaapapappaaapaaaaapapaaapaaaaaaaappaapaaaapaappaapaappaapaapaaaaapaaaaappaaaaaappaaaaaapapaaaapaapappaaapapaaaaapaaaaappaaaaaappaapaaaaapaaaapapaappaaaaapaaaaapaaaaappppaaappaaaapaaaapappapaapappapaaapapaaappaaaaappaaaaapppaapaaappaaapaapaappapaaappaaaapaapaappaaaaapppaaapaapapaaaapapaappppaaappapaappappappappaaapppaapaapapaaaaappaappppapappaapappaaappppaaaappppaaaaapapaappaapaappapppappaapappapppppppaaappppaapaapapaaappappappppaaapppapappapapppppappppppaapaapapaappaappapppppappppappppppppppppaappppppapappapaaapaaappp
10,42,16,10,4,3,4,5,6,1,5,4,4,6,10,10,10,10,11,11,12,14,13,16,13,16,23,21,23,27,paaapaapaaapaaaapaaaaappaaaapaaapaaapaaaaapaaapaapaaapaaaaapaaaapapaaaapaapaaaapaaaaapaapaapaaaapaaaaapaaapaapaaaapaapaaaapaaapaaapaapaaaapaaaapaaaapaaapaaaapaapaaapaaapaaapaaapaaapaaaapaaaapaaapappaaapaaaapaaapaaapaapaaapaaaaapapaapaaaappaaapaaapaaaaapaaapaapaaappaaappaaaapaaaapapaapaaaaaapaapaaapaapaaapaaaapapapapapapaapaapapapaaaaapaaapaapaaappaaaapaapapaaapaaapappaapaaaaappaapaappaappaaapppapapaaaapaapapaaapaaaaappaapaapaaappaaappaaaapaaapaapaapaaaaapaaapppappapaaappaaappapaapaaaapaapapaaaaapaaappaapaapppppppaapppapppaaapapppapaaapaaapapppapaappaapppaapppappppaapppaaapaaapaaaaappaapapppapppppppppppapaaaapappapaaapaaaaapppppppppppppppapppppapaaapapaaapaappaaaap
11,57,16,10,11,4,6,4,9,5,3,6,3,6,10,11,10,10,13,12,18,12,15,16,23,20,33,30,36,40,paaaaaaaaaapaaapaaaaapaaapaaaaaaaapaaaapaapaaaaapaapaaaaappaaaaaaaaaapaapaaaaapaaaapaaaaaaaapaaaapaapaaaapaaapaaaaaapaaaaaaaaapaapaaaaapaaapaaaaaaaapaaaaaapapaaaapaaapaaaaaapaaaaaaaaapaapaaaaapaaaaapaaaaaaapaaaapaapaaaaapaaapaaaaaapaaaaaaaapaapaaaaapaaaaaappaaaaappaapaaaapaaapaaapapaaapaaaaaaaaaapaapaaaaapaaapapapaaaaaaapaaapapaaaapaaapaaaapappaaaaaaappaappaaaappaaaaapppaaaaaapaaapaaapaapaaapaapapaaaaaaaaaapaaapaaaaapaaaappapaaaapaaaaaapapaaaapaaaaaaappaappaaaaaappaapaaaaapaaaappaaapaaaaapaapaaapaaapaaaaaapappaaapaaaaapppapaaaaappaaaaaappaaaaaapapaaaapaaapaaaapaaapppppapaaaapppappaaaappaappapappaaaaapapaaaaaapapaaaapaaapppppapaaaappaapaaaaapaaaapppppaaaaaapapaaapaaaaapaaapaaapppppappaaapppapppaaappaapppppppppppaaapaaappaaappaapaapapppppapaaaapppappapppppaappppppapaaaapaaapapaaappaaappaaapppppappppapppappaaappppappppppapaapappppaappaaappaappaaapppppppppapppppppaappppappppappppppaaappaaapapaapppaapppa
12,51,16,10,6,6,3,9,7,6,4,3,4,3,10,10,10,10,12,12,13,15,18,17,22,25,30,27,31,34,paaaaapaaaaapaapaaaaaaaapaaaaaapaaaaapaaapaapaaapaapaaaaapaaaaapaaapaaaaaaapaaaaaaapaaaaapaaapaapaapaaapaaaapaaaaapaapaaaaaaaaapaaaaaaapaaaapaaapapaaapaaapaaaapaaaaapaaapaaaaaaapaaaaaaaaapaaapaaapaaapapaaapaaaaapaaaapaaaappaaaaappaaaaaaaaapaaapaapaapaapaapaaaaaapaaaapaaapaaaaaaaappaaaapaaaapapaaapaapaapaapppaaapaaaaapaapaaapaaaapaaaaaapaaaaaapaaapaapaapaappaaaappaaaapaaapaapaaaapaappaapaaaaaapaapaaapaapaappaaaappaaaappaaaaappaaapppppaapaaaaaapaaapaapaapaappaaaapaaaaappapppappaaappaaaaaapaaaaapaaapaapaapaappaaaappppaappappaapapaappappaapaaaaaapapapaapaapaappapaappaaaappapppapppaapppppaappaaaaapaappaapaaapappappapppppappapppppppaappppppapaaaaaapaappapaaapaappapaapppaaappppppapppaapppppaapaapaaapaaaapapaappappppaappppaappppppppppaapppppapaaapaaapaaapappaapapppapapppppappppppppppppppppppaapaaaaaapaappappappaa
13,40,16,10,6,5,4,5,5,4,3,3,4,1,11,10,10,11,10,12,15,13,17,17,18,22,25,26,26,31,paaaaapaaaapaaapaaaappaaapaaapaapaapaaappaaaaaapaaapaaapaaaaapaaaapaaapaapaapaappaaaaaaapaapaaapaaaaapaaaapaapaaaappaaapappaaapaaaaapaapaaaapaaaaapaapaapaaaapapaapaaaaapaaaapapaaaapaaaaapaapaaaappaaapppaaaapaaaapaaappaaaapaaapaaapaaapaapaappppaaapappapaaapapaapaaaaapaaaappaaapaappaapaaaapaapaaappaaapapaaapaaaappaapaaappaappapapaapaaappaaapppaaapaapaapaapapapppaapapapappaaapppaappaaaapaapaapaapaaappppapapappappaapaaaappaaaapaapaappaaaappppappppppaappaappaaappppaapaapaapaappaappppapapppppppaapppaappppappaapaapappaaappppppappppppaapppppappppaaapapapapaaapappppppppppppppaappppappppaapaapaapaaaapappppppppppppppaappppppppppapapppapaapaapp
14,55,16,10,6,7,9,5,6,4,5,4,3,6,10,10,11,10,10,11,12,14,19,19,21,22,27,33,33,35,paaaaapaaaaaapaaaaaaaapaaaapaaaaapaaapaaaapaaapaapaaaaapaaaaaapaaaaapaaaaaaaapaaaaapaaaaapaaapaaapaaapaaapaaaaappaaaaapaaaaapaaaaaaapaaaapaaaaapaaaapaaapaaapaaapaaaapaaaaapaaaaaapaaaaaaaaapaaaapaaaaaapaaapaapaaapaaaapaaaapaaaaapaaaaaaapaaaaaaaapaapaaaaaaapapaaaapaaapaaaaapaaapaaaapaapaaaaaapaaaaaaapaapaaaaaapaaaaapapaaapaaaaaapaappaaaaaapaaapaaaaaaaappaaapaaaaapaaaapaaapaaapaaaaaaappapaaaapappaapaaaaaaaappaaaapaaaapaaapaaaapaaaapaaaaapappapaaapappaappaaaaaaapapaappppaapaaaapaaapaaapaaaapaaappppaappapapapaaapaaaappaaappaaaaaaapapaaaapaapaaaapaaappaaaaapapppappaaaaaaapppaappaaaapaaapaaaaaappappaapaapppapaappapapppppaaaaaapppaappaaaapaapaaaapapaapaaaaaapapppaaappapppapppaaaaaappppappappaaapaapapappaapaaaapaappppppappappppppppapaaapppppppappappaaapaaapapapaaaapapappppaappapppppppppaaaappppappappppappapapappaapaaaapaaappppapppapppppppppapppppppappappappaapaaaapaaapaaapaapp
15,61,16,10,6,10,7,8,12,5,4,3,4,2,11,12,10,11,12,11,13,11,19,23,29,29,32,35,43,43,paaaaapaaaaaaaaapaaaaaapaaaaaaappaaaaaaaaaapaaaapaaapaapaaapaapaaaappaaaaaaaappaaaaaapaaaaaapaaaaaaaaaaaapaaaapaaapapaaapaapaaaaaapaaaaaaapaaaaaaaapaaaaaaapaaaaaaaaaaapaapaaapaaapaapapaaaaapaaaaaaaaapaaaaaaapaaaaaaapapaaaaaaaapaaaapaaaapaaapapapaaaaapaaaaaaaaapaaaaaaapapaaaaapaapaaaaaaaaapaapaaaapapaaaappaaaaaapaaaaaaaapaaaaaaapapaaaaaaaaapaaaaaaaapaapaaapaapaaapapaaaaapaapaaaaaapapaaaaappaaaaaapaaaaaaaaaaaapaaaapaaapaaappapaaaaapaaaaaaaaapaaaaaaapapaaaaaaaaapaaaaaapaaaapaaapaaaaappapapaaappaappaaaapapaaaaappppaaaaapapaaaaaaaaapaapaaaapapaaapapappaappaaaapaaapppaaaaapappaaapppaappaaaaapapaapaaaaapaaappapaaaaappaaapppaapappppaapppppaappppapappaaapapaapaaaapapaaapapaaapappappaappapppaaaapppppapappaappppaaaaaapaaaapappaaaappappapaappaapppaaapppapapppappapapppppapppaaaaapaapaaaapaaapappppappappaaappaappppapaappppppappppppppppaaaaaapapaaaapaappapappappppppappppappppapapppppppappppppppppppaaaaapppaaapaapaappppppapppaaappppppppapppppppppaapppppppppaapaapaapapppaaapappp
16,45,16,10,3,4,6,9,8,2,2,3,3,5,10,10,10,10,11,12,10,11,16,16,21,24,25,25,32,31,paapaaapaaaaapaaaaaaaapaaaaaaapapapaapaapaaaapaapaaaapaaaaapaaaaaaaapaaaaaapapaapaapaapaaapaapaaaapaaaaapaaaaaaaapaaaaaapapapaaaapapaaapaaapaaaapaaaapaaaaaaaapaaaaaapapapaapaaapaaapaapaaaaaapaaaapaaaaaaapaaaaaapappaappaapaaaapaapaaaaaapaaapapaaaaappaaaaaapapapaapaaapaaapaapaaaaaapaaapaaaaaaapaaaaaaapapaaappaaapaaapaapaaaapaaaaapaaaaaaappaaaaaapaappaapaaapaaapaapaaapappppapaaaaaaaappaaaaaappaaappaaappaapaapaaapapppappaaaaaaaapppaaaapapapaaapapaaaapaapaaaapppppppappaaaaappappaapapapapapaaaapapaappaappppappppappppapppapaaapapapaapaaapaaapppppaapappppppppapaaapppappaapapaapapaaapaaapaappaappppappppppaapapppapapapapaapppaapaaaapappppappppppppppppaappppapppppapapapaappaaappapppapppppppppppppapapppppapapapapappaappaaa
17,41,16,10,4,4,6,4,5,2,4,4,4,4,10,10,10,10,10,13,11,15,16,15,20,23,20,25,25,27,paaapaaapaaaaapaaapaaaapapaaapaaapaaapaaaapaaapaaapaaaapaaapaaaapapaaaapaaapaapaaaapaapaaapaaaaapaaaapaaapaapaaaapapaaaapaaapaapaaaapaaaapaaaaapaapapaaaapaapaaapaaapaaapaaaapaaaapaaaapaaapaapaaaaappaaapaaappaappaappaaaapaaaapaaapaapaapaaapaaaapaapaaaappaapaaaapaaaaapaapapaaaapaaapaapaaappaappaaapaaaappaaapppapaaapaaaappaaaapaapppappaappaaaapaaaapaaapappaapaaapaaapapappaappaapaaaaapaaapppappaaaappaaaapaaaapapppappappppaaapapapppaapapaaaaaappaaappaappppppaappaaaapapppppapppaaappaaappaapapappaapppappapaapaaappppppapaaapaappaaapaaapppappaapppappppapppppppapaaapapapaaapapapppapppappaapappapppppppapaaapaaapppappaapppappapppappappapppppppapaaapaappaappapp
18,54,16,10,5,10,8,6,7,4,3,5,4,2,10,10,11,12,12,10,12,16,19,17,22,26,31,33,34,38,paaaapaaaaaaaaapaaaaaaapaaaaapaaaaaapaaapaapaaaapaaapapaaaaapaaaaaaaaapaaaaaapaaaaapaaaaaapaaaapaapaaapaaapaapaaapapaaaaaaaaapaaaaapaaaaaapaaaaaapaaaapaapaapaaapapaaaapapaaaaaaapaaaaaaapaaaaaapaaaaaaapapappaaaapaaapapaaaaaaapaaaaaaapaaaaaapaaaaaapaaaaaappapapaapaaapaaapaapaaapaaaaaaaapaaaaaaapaaaaapaaaaaaapaaapapaaaaapaapapaaaaaapapaaaaapaaaaaaapaaaaapapaaaapaaaaapaaapapaaapapapaapapaapaaaapppaaaaapaaaaappaaaaapaaaapaaapaapaaapapapaapapaapaaaappapaaaapaaaaappppaaapapaaappaaaaapaaappaapapaaaapaaaapppaaaaapppaaapaaaaaaapaaaapaapappaaapapapappppaapaaaappapaaaappaaaapppaaaaapaapappapaapaaapapppapppppppaaaappppppaapaaaaappaapaaaapapaapaaaapapapappppppppapppaaapppppaaapppaaapppaapappaaaappaapapaappapppppppppppapaappppapaapppppapppaapapaaapapapaappaaapapppapppppppaapapppppppppppaappppaaaaappapappapaapaaapapppppppppppapappppppppapppppppppaappaaapppppaaaapaaapa
19,47,16,10,6,4,5,5,9,3,5,4,3,3,10,10,10,10,12,12,13,16,14,18,21,19,26,30,32,29,paaaaapaaapaaaapaaaapaaaaaaaapaapaaaapaaapaapaapaaaaapaaaapaaaapaaaapaaaaaaaapapaaaapaaapaapaapaaaaapaaaapaaaaapaaapaaaaaaaaapapaaaapaaapapaaapaaaapaaaapaaaaaapapaaaaaaaaapaapaaapaaapaapaapapaaapaaaapaaapaaaaapaaaaaaaapaaapaapaaapaappaapapaapaaappaaaaapaapaaaaaaaaaapaapaaapaapaaapappaaaapaaaapaaaappaapapaaaaaaapapaaaaaapapaapaapaaapappaappaaaappaapppaaaaaaaapaaapaapaapaapaapappaappaaapaaaappaapaaaaaaaapaaaapaaapaapaapaapppaaappaappaaaappaappapaaaaaapaaapaaapappaaaapppppaapapapppaapppaapppaaaaaaapapaaaapaappaapaappaaaapaaappaaaappaapppppaaaappaaapaapaaapappaappppaapppappapapppaappppppaaappaaappaaaappaapaapppppppppapppaappppapppppppaapaapaaaappappaapaappppappppppppapppppppppppaapappppaaaapaaapaappappppppppaapppaappppappppaapppaapaapappaaapaapap
20,58,16,10,7,7,9,7,9,2,5,4,4,4,10,10,10,12,12,11,14,16,21,21,24,28,33,35,38,42,paaaaaapaaaaaapaaaaaaaapaaaaaapaaaaaaaapapaaaapaaapaaapaaapaaaaaapaaaaaaapaaaaaaapaaaaaaapaaaaaaapapaaaapaaapaaapaaaapaaaaapaaaaaaapaaaaaaaapaaaaapaaaaaaaapaapaaaapaapaaaapaapaaaaaaapaaaaaapaaaaaaaappaaaapapaaaaaapapaaaaaapaapaapaaaaapaaaapaaaaaapaaaaaaaaapaaaaappaaaaaaapaaapaapaaapaaapapapaaaaaaaapaaaappaaaaaaaaapaaaaaaapaaaaaapaaapaaapaaapapaaapaapaaappaaaaappaaaaaaappaaaaapaaaaaaaapaapaaaaapaaapapaaaapaapaapppaaaappaaaaaaaapaaaaaapapaaaaapapaaaaaappapaaaaapppaaaaappppaaappaaaaaaaapppaaappapaaaaapapaaaapapapapapaaappappaappapaaapppaaaaaaappaaaapaapppaaapapaaaaaaapapaapaaappaappappppaaappapaaaaappppaaappapaapaapaaaapapaaaaapaapaappappaapppppaappaapaaaapppppaappapapaaapappaaapapapaaapaaappappppppppppappaappaaapppppaappapapappappaaaapapaaapapaaappppppappppapappaappaaappppppappapppapaappapaapaapaapppaaappappppppppppapppapapaappppappppappppapppppaaaaaapppaapaaappapppppppppppppapppapppppppppppappppaapapaaappappppaapaaa
21,52,16,10,6,6,9,5,10,4,3,3,2,4,10,10,12,10,10,13,12,14,13,20,20,24,27,31,31,33,paaaaapaaaaapaaaaaaaapaaaapaaaaaaaaapaaapaapaapapaaapaaaaapaaaaapaaaaaaaapaaaaapaaaaaaaaapaapaapaaapapaapaaaaapaaaaaapaaaaaaapaaaaapaaaaaaaapapapaapaapappaaapaaaapaaaaapaaaaaaaapaaaaaapaaaaaaapaaapaapaapaapaapaaaaapaaaaaaapaaaaaapaaaaapaaaaaaaapaaapaaapapaaapapapaaapaaaaaappaaaaaapaaaaapaaaaaaaapaaappapaapaapaappaaaaapaaaaapapaaaaapaaaaapaaaaaaaaaapapaaapapaapaappaaaapaaaaaaapaaaaaapppaappaaaaaaaaaapapaaaappaapaapaaaaappaaaaappaaaaaapaaaapaapaaaaaapaaapaapaapaapaappapaapppaaapppaaaaaapaaaaapappppaaaaapapaapaapaapaapaaaaappapaapppaaaaaappppappapaaapaaaapapaapaaapapaappappappaaaapppapaaaappaaappappappaapaappaapaapaapaapppapappaapappppappaapppaappapaaappapaaapaapaapaapappppaappppaapppppapapapppapppppaappaapapapaapaapapaappppppapppaaapppppaaappppapppppaapapppaaappaapapaapaapppppappppapppppppaaappaaappppappppppaaapapapapaapaa
22,50,16,10,5,7,6,4,8,4,5,4,3,4,10,10,10,12,13,16,14,17,19,21,21,26,28,27,31,35,paaaapaaaaaapaaaaapaaapaaaaaaapaaapaaaapaaapaapaaaapaaapaaaaaaapaaaapaaaapaaaaaapaaaapaaapaaaapapaaaapaaaapaaaaapaaaaapaaaaapaaaaaapaaaapaaapaaapapaaaaapaaapaaaaapaaaaappaapaapaaaapaaaaapaaapaapaaapaaapppapaaaaaapapaaapaaaaaaapaaaaapaaaapapaaapaaaapaapaaappaaaaappaaaapppaapppaaaaaaapaaapapaaaaapaaapapapapapaaaappaaaapaaaaaappaaaaaapaapaapaaapaapaaaappaaapaaaaappaaaappaappapaaaappapaaapaaapaapapaaaapapapppaaaapppppapaaapaapapaaaaapaapaaaapaapapaaaappaappapaaappaaaappapppapppaaaaapaaapapaappaapaaaappaappaaaaappppapppaappapapaaapaaaappaaapaapapaaappppappaapaapppaapppaaappppppaapapaappapaaaapaaaapppppappppaaappaaapppaappapppapppaapapaapaaapapppaaapppapppppaappapaapppappppppappaaaaaapaaapapaapaapapppappppppappppapppppppppppapppaaaapaapaaaapapaaappppppppppppppppapppaappappppaapapaapppppaappapaaa
23,49,16,10,9,4,5,5,6,4,6,3,4,3,10,11,11,10,12,12,13,13,14,17,23,24,23,32,32,31,paaaaaaaapaaapaaaapaaaapaaaaapaaapaaaaapaapaaapaaapaaaaaaapaaapaaaapaaaapaaaaaapaaapaaaappapaaapaaaapaaaaaappaaapaaaapaaapaaaaaaapaaapaaapaapaaaapaaapaaaaaaaapapaaaaapaaapaaaaaapaaaaapaapaaapaaapaaaapaaaaaapaapapaapaaaappaaaaaapaapaaaapaapaaapaaaaaappaaapaaapapaapaaaapaaaaapaaaaaapaaapaapaapaaaapaapaaapaaaaappapaaaapapaaaapaapaaaaapaaaapapaaaapapaaaapapapapaapaaaapaaaaaaaapaaapaapaapaaaaapaaaapaaaapapapapaappaaapaaaaaapaaaaaapapaapaappaapppppaaaapapapapaappaaapaaaaapaaapaaaaaapapaaapaaappppppaapppapapapppaaapapaaaapapaaaapapapapaapaaapppppppapapapppaappppapaapaapaaapaaaaapaapaappaappppppaaapppapppapppaaapapapaapaaaaapaapaapaaapaapppppppaapppppppappppaapppppppaaaaapppppaapaaapaapappppppapppappppppppappapppppaaapaapaapaapapappappppppppppppapppppppppapappappaaapaapaapaapaaapaa
24,48,16,10,6,9,7,4,7,2,3,3,3,4,10,10,10,11,12,11,13,12,17,18,18,23,33,27,30,33,paaaaapaaaaaaaapaaaaaapaaapaaaaaapapaapaapaapaaaapaaaaapaaaaaaapaaaaaapaaaapaaaaapaapapaaapaapaaapaaaaaapaaaaaaapaaaaapaaaaapaaaapapaaapapaaapaaapaaaapaaaaaaaaapaaaaapaaaaappaaapapaaapapaaaapaappaaapaapaaaaaapaaaaapaaaaapaaaaappaapaapaaapaapaaaaaaaaapaaaapaaaaaapaaaaapapaapaaappaaapaapaaappaaapaaaaaaaappaaaaapaaaaappaaapaaappaapaaapaapapaaapaaaaaaaapaaaaaapaaaaapaaaapaapapaapaapaapppapaappaaaaaaappaaaaapaaapapappapapaaapapaaapaapppaaappapppaaapaaaaaapaaaappapaapapaapaapaaapaapppaaapaapppaaappaaaaapaaaappapaapaaappaapaaapaapppapappppppaaappaaaaappaapppapaapapaaapapaaapaappppaappppppppappppaaapppappppppapapappaapapapappppaapppppppppappaapaapaaapppappapapaapaapaappaappppaapppppppppppaaaaapaaapppappppappappapaaapapppppapppppppppappaapppppapppppppapapaaapppaaapaa
25,67,16,10,7,12,11,9,8,5,4,2,5,4,10,10,11,13,13,11,15,15,20,24,28,29,32,37,42,48,paaaaaapaaaaaaaaaaapaaaaaaaaaapaaaaaaaapaaaaaaapaaaapaaapapaaaapaaaapaaaaaapaaaaaaaaaaapaaaaaaaaaapaaaaaaaapaaaaaaapaaaapaapapaaaapaaaaapaaaapapaaaaaaaaaapaaaaaaaaaaapaaaaaapaaaaaaaaapaaapaapaapaaapaaaapapaaapaaaaaaaaaaaaapaaaaaaaaaaappaaaapapaaaaaaaapaapaapapaaaapaaaaaapaaaaaapaaaaaaaapaaaaaaaaaapaaaaaaaapappaaaaapaaaapaapaappaapaaaaaapaaapaaaaaaaaaaapaaaaaaaaaapaaapaaaapaaaaaaapaaaaaapaappaaaapaaappapaaapaaaaaaaaaaaaapaaaaaaaappaapaaaapaaapaaaapaaaaapaappaaaapaaaapaaaaappaapaaaaaaappapaaaaaaapaaaaaaaapapaaaaapaaaaapaaapaaapapaaaapapaaapppaapaaaaaappaaaaaaaaapappaaaaapppaapaapaaaaaapaappaaaapaaaapapaaapppappaaaaaapppaaaaaaaaappppaaaappppapaapaaaaapaapaaaapapaaaapppaaaaappppppaaaapppapaaaaaaapapppaaapppapaaaappaaaapapaaapaaappappppaaappapppapppaappaaaaaaaaapppppaaaapppaaaaaapapaaapappaaaappaaaappppaappppppaaaaaapppaappaaaapppppapaappaappaaaaaapappaapaaaapppaapppppaapppppppppapapppaaapaaaapppppppaapppapaaapaaaaappapaaaapaapapppppapappppppappaaapppppppppaapppppaapppppppaaaapaaaapappppaapapaaapppppapppppppppppappppaappapppppppppppapppppappaapaaapaaapppppapaaa
26,49,16,10,6,6,5,5,3,6,6,4,4,4,10,10,10,10,10,12,12,12,15,18,21,22,25,30,27,35,paaaaapaaaaapaaaapaaaapaapaaaaapaaaaapaaapaaapaaapaaaaaapaaaapaaaaapaaapaaapaaaaapaaaapaaapaaapaaapaaaaapaaaaaapaaaapaaapaaaapaaaaapaaapaaaapaaapaapaaaaapaaaaapaaaapaaaapaaaapaaaapaaaapaaapaaaaapapaaaaaaapaaaaapaaaapaapaaaapaaaaaapaapaaaapaaaapappaaaaaapaaapaaaaaaapapaaaapaaappaaaaapaapaaapaaapaaaaapaaaaapappaaaapapaaaapaaapaaaaapaaapaaaaaappaaaaapapaaaaapaaaaapapaaaapaaapaaaaaaapaaapapapapaaaaapaaaaapappaapppappaaapaaaaapaaaapaapaaapaaapppaaapppaaapapaaapppappaaapaaapaaaaapaaapaaaaapapppaaapppppappppaapapappaaapaaapaaaaapaaaapaaaapapppaaappppaappppaapppappaaapaaaapaaaaaapappaaaapapppaaapppppapappappppappaaapaaapapaaaapaappaapapappppppppppaappppaapppappppapppaaaaapppaaappaaaapappppaapppppappppappppappaaapaappaaaaapaaappaapapappppaappppppppppppppppppppapapapapaaapaapppappaap
27,46,16,10,6,6,6,6,6,4,3,4,3,2,10,10,11,10,13,10,16,20,18,19,23,27,26,32,28,35,paaaaapaaaaapaaaaapaaaaapaaaaapaaapaapaaapaapaapaaaapaaaaapaaaaaapaaaapaaaaaapaaapapaaapaaapaapaaaapaaaappaaaaaapaaaapaaaaapaaapaapaapaaappaaaaaaapaaapaaaaapaaaaapaaaaaaapaapaaapapaaapaapaaapaapaaaapaaapaapaappaaaapaaaapaapaapaaapaapaaaaaapaaaapaaapaaaaaapaaaaapaapaapaaapaaapppapaapappaapaaaaaaappaapaaaaaaaapapaapappaaapppppaappaaaapppaaapappaapppaaaaapaapapaaaapapaaaappapaapaappapaaaappaapppaaaappaapapaaapaaappppaaapppaaapaapaapapapaapapaaaapaapppaaapaapappppaappapaapppaaaappapapppapaaapaapapaaapapapppppaappppaapppppappppaappppaaappaaapapaapaaapppppaapappaappppaappppaappppaapaapapappaapaaappppppapppppapppppappppapppppaaaappappppaapaaapppppaappppaapppppapppppappppaaaaapapaapaaaapppppppapppppapppppppppppppppppppaappappapaapaaap
28,52,16,10,9,7,4,8,7,3,8,2,3,1,10,10,10,11,13,11,11,15,18,16,17,24,20,24,27,33,paaaaaaaapaaaaaapaaapaaaaaaapaaaaaapaapaaaaaaapapaappaaaaaaaaapaaaaaapaaapaaaaaapaaaaaapaaapaaaaaaappaappaaaaaaaaapaaaaaaapapaaaaaaapaaaaaapaaaapaaaaapapaappaaaaaaaaappaaaaaapaapaaaaaapaaaaaaapaaaapaaaapapaapapaaaaaaapaaaaaaappaaapaaaaappaaaaapaaaappaaaaappaapaapaaaaaapaaaaaaapaaapaaaaaapapaaaaaapaaaapaaapaapapaappaaaaaapaaaaaapaaapaaaaaapaaaaaapaaapaaaaaaappaappapaaaaaappaaaaaappappapaaaapaaaaaapaapaaaaaaapapaappaaaaaaaapppaaaaappappaaaaaapppaaaaaappaapapaapapaappapppaaaaapaaaaaappappaaaaaappaaaaaaappaaaaaaapapaappapaapaaappapaaaappappaaaaaappaaaaapaaapaaaaaapapaappapppapaappappaaappappaaaaaappapaaappppaaaaaaapppaappapapappappaaapaappappaapaaappaaaaapaaaapaaaaapapaappapppaapappapaaaappappaappaapppppaapaaaapaaaaapaaapppapppapapppppaaaappapppaaapappaapaapaaaapaaapppppaappapppappapppppppapppppaaaapppppaappppapapaaaaapppaap
29,55,16,10,6,4,6,11,11,3,3,5,3,3,10,10,11,11,11,11,15,17,14,21,21,30,30,36,39,38,paaaaapaaapaaaaapaaaaaaaaaapaaaaaaaaaapaapaapaaaapaapaaapaaaapaaapaaaaaapaaaaaaaaaapaaaaaaaaapaaapapaaaapaapaapaaaaappaaapaaaaaapaaaaaaaaapaaaaaaaaaapaaapapaaapaaapapaaaaapaaapaaaaaaaapaaaaaaaaappaaaaaaaapaaappaaaaapapaapaaaaapaaaaapaaaaaappaaaaaapaaaaaaaaaaapaaappaaaapaapaapaaaaapaaapapaaaaaaapaaaaaaaaaapaaaaaapaaaapaapaaaapaapppaaaapaaapaaaaapaappaaaaaapappaaaaaaapaaaapaaapapaapaappaaaappaapaapaaapapppaaaaaaapapaaaaaaapaaapaaapapaapaapaaaaappaapaaaaaaaappapaaaapaaapaaaaaapaaaappaaaapaapaapppaaapaaapappaappappppaaaapapapaaaaaapaaaapaapaapaaapappppaapaaapppaaapaappppaaaapaappaaaaaapaaapapaaaapaapaapppapapapapapppappapppapaaappapppaaaaappaaappaaapppappapppapappaapppppappappppaaaapppppppaaaaaapaappaaaapaappappppaapppapapppappappppapaapppppppppaapaaaappaappppappapppppapppppapppappappppappppppppppapppppaapppaaaapaapaappppappppapppppppppppppapaappppppppaapapaappaaapapaapap
30,43,16,10,3,5,10,4,5,6,3,4,1,2,10,10,10,12,12,12,14,15,15,17,22,22,26,27,29,30,paapaaaapaaaaaaaaapaaapaaaapaaaaapaapaaappaapaapaaapaaaaaaaaaapaaapaaaapaaaaapapaaappapaapaaaapaaaaaaaaapaaaaapaapaaaaapaaapaapapapaappaapaaaaaaaaaapaaaaapaaapaaaapaappapappaaapaaappaaaaaaaaapaaaaapapapaaapaapaaappaapaaapaapaaaaaaaaappaaaaaapaappaapaaaapapapppapapaaaappaaaaaaappaapaaaaapaaaapapaaappapaappaaapapaaaaaaappaaapppapaaaaaapapaaapappaapppaaaapaaaaaaappaaapppaaapaaapaapaaapapppapppaaaapapaaaaaapaaapppaaapaaapaaaapapppppapppaapappaaaaaaappaapppppaappapapapaapapppapppaapapppaaaaapppappappapaaaappapaaappappappppapppaapaaaapppappppppaapaapappapapapppapppppppppapaaaapppapppppaaapaappaapapppappappppappppaapaaapppppppppapaaappapappappppppppppapppppaappppppappppppapaaappapaaapap
31,48,16,10,7,6,3,5,8,3,3,4,7,2,10,10,10,10,11,12,12,13,13,18,16,23,25,36,30,30,paaaaaapaaaaapaapaaaapaaaaaaapaapaapaaapaaaaaapaapaaaaapaaaaapaapaaaaapaaaaaaapaapapaaaapaaaaaapapaaaaapaaaaapaaapaaapaaaaaaaaappaaapaaaapaaaapaapaaaaapaaaaaapapaaaapaaaaaaaaappaapaaaapaaaaapaapaaaaapaaaaappaapaaaaapaaaaaapapaapaaaaaapaaapaapaaaaapaaaaappaaappapaaaaaaaaapaapaapaapaaaaapaappaaaapaaaaapaappaaapaaaaaaaaappaapaaaapaaaaaapapapaaappaaaapaappaaapaaaaaaaapapaapaaaapaaaaapaapaaaaapaaaaappappaaappaaaaaaaappaaapaapaaaaaapaapapaaapapaaappappaappaappaaaapppaapaaapaaaaaaapapapaaapaaaaappappaaapppaaaaaaappaapaaappaaaaapappapaaapappaappappapppppapppaaappaapaaaaaaapaapappppaaapapppapppppapapppppapaapapaapaaapaaaaaapapppppppppppppppppppappppppapaapapappaaappaappppapppppppppppaappappapppppppapaapppaapaaaaapapaapappppapappppaappappappppppppppapapaapaappapaaaapa
32,58,16,10,6,9,9,10,7,2,4,4,4,3,10,10,10,10,11,13,15,15,17,22,22,28,35,35,41,43,paaaaapaaaaaaaapaaaaaaaapaaaaaaaaapaaaaaapapaaapaaapaaapaapaaaaaapaaaaaaaapaaaaaaapaaaaaaaaapaaaaaaapapaapaaapaaaapapaaaaaapaaaaaaaaapaaaaaapaaaaaaaaaapaaaaaappaaapaaaapaaapapaaaaaapaaaaaaapaaaaaaaaapaaaaaaaaaapaaaaapaapaapaaapaaaappaaaaaapaaaaaaapaaaaaaaappaaaaaaaaaaapaaaappaaaapaapaaaapapaaaaapapaaaaaapaaaaaaaapapaaaaaaapapaaaaapapaapaaapaaapaaapaaaappaaaaaaapaapaaaaaaaapaaaaaaaapapaaapppaapapaapaapaapaaaaappaaaaaaapaapaaaaappaaaaaaaaappaaaaappaaapaaappaapaapaaaaappppaaaaapaaaaaaaapppaaaaaaapppaaaaapapaaapaaaapapaapppaaappaappaaapaaaaaaaappaapaaaaaappppaaapappaapaaaapppaapaapaappppaaaaapaapppaaappaaaaaaaapapppaaapaapappaapaaapaappaapappapaapaappaaapaaappaapppaaappppppapppaaapaaaappaaappappppppppapaaappapappaappaappppaappppppaappppapaaapapapaappppppppppapaaappaaaapaapppapapppappppppppaapappaapapaapaappppppppppapapppppppppaapppappppappppppppapapaapaaappaaapappppppppppappapppppapapppppppppppapppppppapppaappaapaaapaa
33,57,16,10,9,8,6,6,6,3,5,6,2,6,10,10,11,10,10,11,13,14,15,17,21,26,32,27,31,38,paaaaaaaapaaaaaaapaaaaapaaaaapaaaaapaapaaaapaaaaapapaaaaapaaaaaaaaapaaaaaaapaaaapaaaaapaaaaapaapaaaapaaaaapaapaaaapaaaaaaaaaapaaaaapaaaaapaaaaapaaaaapaapaaaaapaaaapaaappaapaaaaaaaaapaaaaaaapaaaapaaaaapaaaaapaaapaaaaapaaapaaaaapapaaaaaaaaaaapaaaapaaaaaapaaaapaaaaapaapaaaaaaapaapapaaaaaapaaaaaaaaaapaaaapaaaaappaaaapaaaaaapapaaaapaaaaapaaaaapapapaaaaaaaaapaaaapaaaaappaaaappaaaapaaaapaaaaapaaapapaaaapappaaaaapaaaaaaapaaaaappaaaapapaaapaapaaaaaapaaapaaaaapapapaaaaaapapaaaaapaaaaappaaaapppaaapaapaaaaaaaapapaaaaapappaaaaaaaaapapaaappaaaappaaaapppaaapaapaaaapaaaaapaaaaapppaaaaaaaappppaaaapppaaapppaaapppaaaaappaaaapapaaappaaaapappppaaaaapppppaaappaaaappaaaappapaapappapaaaappaappaapapapppppppaappppppaappapaappappapppapapaapaapapapaappaaaaapapppappaaapppppapappaapappaapppppaappaaapaaapaaaaaapaaaapapppaapapapppppaaapppaapppappppppapapaappaaapapaaappaaaapapppappppppppppappppaappppappppppppapaapaaapaappaappaapapa
34,59,16,10,12,6,4,9,11,2,4,4,2,5,10,10,11,11,11,11,13,15,18,19,23,29,34,38,38,43,paaaaaaaaaaapaaaaapaaapaaaaaaaapaaaaaaaaaapapaaapaaapapaaaaapaaaaaaaaaapaaaaapaaaapaaaaaaaapaaaaaaaaapaapaapaaapapaaaaappaaaaaaaaapaaaaapaaaaapaaaaaaapaaaaaaaaapaapaaapaaapapaaaapaaaaaaaaaapaaaaapaaapapaaaaaaapaaaaaaaaapaaapapaaaapapaaaaapaaaaaaaaaapaaaapaaapaaaaaaaaapaaaaaaaaapaapaapaaappapaaaaaapaaaaaaaappaaaapaaaaapaaaaaaapaaaaaaaaapaapaapaaapaapaaaaappaaaaaaaapaaaaappaapapaaaaaaaapaaaaaaaapaapaapaaaapapaaaaapapaaaaaaapappaapaaaappaaaaaaapapaaaaaaapapaaaaapapaaapaaappppaaaaaaapaaaaapaaappppaaaaaapapaaaaaaapapapaaapapapaaaaaappapaaaaaapaaaaappaapappaaaaappaaaaaaaaapappaappappaaapaapapppapaaaaapaappapaaaapppaaaaapppppaaaaaapaapaapaaappapaaaapppppappaaappppaapaaapppppaaaapppppppaaaapaapaaapaapaaapaaaappppapaaaappppaappaapppppppaappppppappaapaapaaaapappaapppapppppappppappppaapppappppaappapppppppppaapaapaapapappapaaappppppappaapppppaappapppppapppapppppapaaaappppaapapaapapapaappppppapaaapppppppppapppppapppppppppppppppaapappapaapappaa
35,47,16,10,9,7,6,5,4,2,5,4,3,2,10,10,11,12,12,14,15,13,14,21,18,23,24,28,31,33,paaaaaaaapaaaaaapaaaaapaaaapaaapapaaaapaaapaapaapaaaaaaaapaaaaaapaaaapaaaapaaapaapaaapaaapaapaaapaaaaaaapaaaaaappaaaapaaapaaapapaaaaapaaapapaaapaaaaaaappaaaaaapaaappaaapaaapaaapaaapaapaapaaaapaaaaaapaaaaaapapaappaaapaaapaaapaapaaapaapaappaaaaaaapapaaaaaapaappaaapaaapaapaaaapaappapaapaaaaaaaapaapaappppaaapaaapaaapaaaapappaaapapaappaaaaaaapaaaaappapaaapaaapaaaappaaaaapaapaapaappaaaaaaapaaaaaapapaappaaapaaapapaaaapaaapappapppaaaaaaappapaappapaapppaappaapaapaaaaappapappappappaaappapaaaapppaappaaapaaapaapaaapaaapaaapapppaaaaaappppaappppaappppappaapaaappaaapaapapappppaaaaappppppappppaapppaapaaapaapaaapaaapaappappppapaaapppppappppaappppapapppaaapaapapppaapapppppappapppppaapppppappapppapappapapapaappaapapppppaaapppppppppppppppppaapppappaapapapaappapa
36,45,16,10,4,6,9,9,5,1,2,3,4,2,10,10,10,10,11,12,10,13,16,19,22,22,23,27,25,32,paaapaaaaapaaaaaaaapaaaaaaaapaaaappapaapaaapapaaapaaaaaapaaaaaaapaaaaaaaapaaaappaapaapaapaapaapaaaaaaapaaaaaapaaaaaaaaapaaappaapapaaapapaaapaaaaapaaaaaaaapaaaaaaaapaaaappapaapaaapapaaapaaaaapaapaaaaaapaaaaaaaapaaappaaappaaapapapaapaaaapaaaaaaaapaaaaaaaapapaappaapapaaaappaaapaaaaapaaaaaaaapaaaaaaaapaaaappaaappaaapapaaapaaaaapaaapaaaapaaaaaaaappaaappaapaaapappppaapaaaaappppaaaaapaaaaaaaaapapappappapaaapappaapaaaaappaapaaaappppaaaaappapapappaappaaapppaappaaaappppppaaapppaaaaaappppappaaapapaapapppppaaaaapppapaaaapppaaaaaappppappappapaaapapppapaaaaapppppapaapppapaaaappppappaapapaaapapppapapppappppaaaaappppappaappapappappappaapapppappaaaapppapaapappppaaaaapppppppaappaaappapppppaaaappppppaappppppappppppppappaapppaaapp
37,49,16,10,7,8,4,8,6,2,5,2,3,4,10,10,10,10,12,14,11,13,14,16,25,23,29,33,35,38,paaaaaapaaaaaaapaaapaaaaaaapaaaaapapaaaapapaapaaaapaaaaapaaaaaaaapaapaaaaaaapaaaaaapapaaaapapapaaapaaaaaapaaaaaaapaaapaaaaaaaapaaaapaaapaaapaapapaapaaaaaapaaaaaaapaaapaaaaaaaaapaaapaapaaaappaapaaapaaaaaapaaaaaaappaapaaaaaaaaaapaapaaaapaappappaaapaaaaaapppaaaaaapaapaaaaaaaaapapapapapaaapaappaaapaaaaaaaapaaaaapaaappaaaaaaapaaaapapaaaaapaapapaapaaaaaaaapaaaaapaaappaaaaaaappapapaaapaaapaappaaappaaaaapaaaaaaappaapapaaaaaaapapapaapaaaappaaaapappaaaaapppaaaaappaapaaaaaaaapppaapaaaapaappaaaapappaaaaapappaaaapppapapppaaapppppappappaaapaapppaappaaaaapppaaaaappaappppaaaappappapappapaapaappaapppppaaappppaaaapppppappappaappppppapapaaapppapaaapppppaapppppaaapppapppppapppppppppappaaappaappaaappppappppppaaaapppppppppaappppppppaapppapppappaaapppppaappppappppppppppppappppppppppappapapapapapa
38,43,16,10,6,4,4,7,5,3,4,2,4,4,10,10,11,11,11,12,12,11,18,18,23,21,28,26,29,30,paaaaapaaapaaapaaaaaapaaaapaapaaapapaaapaaaapaaaaapaaapaapaaaaaapaaaaapaapaaapapaaapaapaaaaapaaapapaapaaaaaapaaapaaaapapapaaaaapapaaaaaaapapapaaapaaaaapaaapaapaaaappaaapaaapaaaaaaapaapaaaapaaaaaappaaappaaapapaaapaaapaaaaapapappaaaaapaaapaaaapaaapaaappaaaaaappaaaaapapaaaapaapaaaapaaappaapaaaappaaaaapapaaaaapaaaapaaaapaaaapaaaaapaapapappaaaaapapaaaaapapappaapppaaaapaapapaapaapappapppaaapaaaaapapappaapppapaapaapappappaapapaaaaapappppaapaaappppppaaaaapppppppappaaappaaaaaappaapaapapappaappaapaapppppapapapapppaaapaaapppaaapppapppppppapppppppppaappaaappaaaaapppaaaaapppapppppppppappppppaapppaapapapapaaappaapppppapppppppapppppppppaappaapppaaapaaapppaaappppppppppppppppppppppapapapapaaapaaa
39,47,16,10,8,8,8,3,5,2,2,4,4,3,10,10,10,10,12,11,14,13,15,17,20,24,28,26,32,35,paaaaaaapaaaaaaapaaaaaaapaapaaaapapapaaapaaapaapaaaaaaaapaaaaaaapaaaaaapaaapaaapapaapaapaaapaaapaaaaaaapaaaaaaaapaaaaapaapaaaapapaapaaapaapaapaaaaaaaapaaaaaaaaapaaaapaaaapaaappapaaaapaaapaaapaaaaaapppaaaaaaapaaaapaapaaaapapapaaaaapapaapaaaaaaaapaaaaaaaaapaaaapaapapaapapaapaaaaappaaaapaaaaaapapaaaaaapappaapaappaaapapaaapaaaappaapapaaaaaaaaappaaaaaaapaappapaaaapapapaaaapaapaapapaaaaaappaaaaaaappppaapaapaaaapapaapaapaaapaaaappaaaaappaaaaaaaappapppaapapaapppaapaaapaapaapppaaaaaapppaaaapappppaapaapppaapapaapaaapaapaapppaaaaaapppaaaapappppappaappppapapaaapappappaapppppaaapppppapaapppppaapaappppaappaaappapaapapppppapaaapppaapaaappppappaappppapapappaappaapaappppaapappppppapppppppapppapappapppappaappaapaappppaaappppppppappppppappppppppppppppaaappaapaa
40,52,16,10,8,9,8,3,5,2,3,4,5,5,10,10,10,10,10,14,15,17,15,19,20,25,28,38,37,36,paaaaaaapaaaaaaaapaaaaaaapaapaaaapapaapaaapaaaapaaaaapaaaaaaapaaaaaaaapaaaaaapaaapaaapaapapaaapaaaapaaaapaaaaaaapaaaaaaaaapaaaaaapaapaaaaappaapaaaapaaapaaaaapaaaaaapaaaaaaaaaapaaaaapaapaaaapapaapaaapaaaapaaaaaapaaaaapaaaaaaaaaapaaaaapaapaaaapaaapapaaaapaaapaaaapapaaaapapaaaaaappaaaaaapaaaapaapaapppaaaaapaaapaaappaappaaapappaaaaapaaaaaapaapaaaapapaaaapapaaaaaapaapaapaaaappaaappaaaaapppaapaapapaapaaappaaaaapaapaaaappaaaaaaappaaaaaaapaapaaapaapapaapappaaapaaapaapaaaaappaaaaapppaapaaapppapapapaapapaaappaapaaapaaaapaaaapppapaaaappapapaappaapaaapaapaapapappapaaaaaapaaapaapppapaaapppapppaapppppaaapaapappapapaapaapaapaaapaaappppappapppappppappppppaappapapaapapaapaaaaapaapaaaapppppppapppapappppppppapppppppppapappppapapapaapaapapppppppapppapappppppppppapppppppapapappaaaaappppaaappppppppppppappppppppppppappappppppapappaaaaaapapaaaa
41,59,16,10,5,5,10,10,7,2,7,2,7,4,11,10,10,10,10,13,11,17,15,25,25,25,27,35,39,37,paaaapaaaapaaaaaaaaapaaaaaaaaapaaaaaapapaaaaaapppaaaaaapaaapaaaapaaaaapaaaaaaaaapaaaaaaaaapaaaaapapaaaaaapapaaaaaapaaapaaaaapaaapaaaaaaaaaaapaaaaaaapaaaaaapaapaaaaaappaaaaaaapaaapaaapaaaapaaaaaaaaaaapaaaaaaapaaaaaapaaapaaaapapaaaaaaapaaaapaapaaaaaapaaaaaaaapaaaaaaaaapaaaaaappaaaaaapapaaaaaaaapapapaaappaappaaaaaaaaaapaaaaaaaapaaaaaapaapaaaapapaaaaaaapaaapaaapaaaapaaaaaaaaaappaaaaaaaapaaaaapaaapaaaapaapaaaaaapaappapapaaaappapaaaaaaappaaaaaaappaaaaapaaaapaaappaapaaaapaaaaaapappaaaaapapaaaaaappaaaaaaappaaaaaappaaaaaapaaaapaaaapapppppapppaapppapaaaaaappppaaaaapppaaaapapapaaaapppaaaaaaapaappppappppapppappaaaaaappaaaaaappppaaappaaapaaapapaaaaaapaaappppappppapppapaaaaaaappappaaappppaaaapaapaaaapaaaaapaaapaappppapppaapppaaapaaaapppapapaappppaaaapaapapaaapapaaaaappaapppppppppapppapaappppppppaapppppppaaapapaaaapapapaaaapaapaapppppppppppppppapppappppppappappppppapaaaaaaappapaaaaapppaapppppppppapppppppppaappppppapapppppappapaaaaaappapaaaaaapaa
42,56,16,10,4,8,10,7,7,6,4,3,4,3,10,10,10,10,11,14,13,14,18,17,25,26,29,31,34,33,paaapaaaaaaapaaaaaaaaapaaaaaapaaaaaapaaaaapaaapaapaaapaaapaapaaaaaaaapaaaaaaaaapaaaaapaaaaaaapaaaaapaapaapaaapaaaapapaaaaaaapaaaaaaaaaaapaaaaapaaaaaaapaaaaapapaaapaaapapaaapaaaaaaaapaaaaaaaapaaaaaaapaaaaaaapaaaaapapaapaaapaaapaapaaaaaaapaaaaaaaaaapapaaaapaaaaaaapaaaaapapaapaaaapappaapaaaaaaapapaaaaaaaapapaaappaaaaaaapaaaaapapaapaaapaapapapaaaaaaapaaaaaaaaaapaaaaaapppaaaaapaaaaapapaapaaapaapapapaaaaaaapaaaaaaaaaapaaaaapaapppaaaapaaaapapaapaaapaaaapapaaaaaaapppppaaaaaaappaaaaaapapaaapaaaappapaappaaaappppapaaaaaaappaaaaaaaappapaaaapapaaaaapaaaaapapaapaaappapppapppaaaaappppapaaaappppaaappappaaaapapaaapaapapaaapaapppapaapaaaappppaaaaaaappppppppapappaapaaaapaapappaaapaapppapaaappaappppapppaappppaaappppaaapaapaaappapaapapapaapppappappappppppapapaapppppaappappaaaapaaaaappppapaaapaappppppapppaappppappppppppppaappppaapaapaaaapaapaapaappaapppapppppaapppppapapaapppppppppapapaaapaapaapapaappaapaa
43,52,16,10,6,6,8,7,5,3,3,6,2,6,10,10,10,10,12,12,13,15,20,20,16,21,25,26,34,36,paaaaapaaaaapaaaaaaapaaaaaapaaaapaapaapaaaaapapaaaaapaaaaaapaaaapaaaaaaaapaaaaapaaaaapaapaapaaaapaapaaaapaaaaaaapaaapaaaaaaaaapaaaapaaaaapaapaaapaaapapaaaaaapaaaapaaaaapaaaaaaaaapaaaaapaaaapaapaapaaaapaaapaaaaapaaaaappaaapaaaaaaappaaaapaaaapaaapaapaaaapapaaaaaappaaaaapaaapapaaaaaaapaaaapaaaapaaapaapaaaapaaaapaappaaaapaaaaapapaaaaaappaaaapaaaaapaapaapaaaapaaaaapapapaaapaaaaapaapaaaaapppaaappaaaapaapaaapaaapaaaaapappppaapppaaapppapaaaaapaaaapapaaaappaapaaaaappapaaaappppaapapaaapaaaapaaappaaaappapappaapappaaaapaaaaapapapaaapapaaapapppaaaappaaaapaaaapaapaaapaaaapaaaaaappppapapapaaapapppaaaapppaaapapaaapaapapapaaapaaaapaapppaaapppapapppppapapppppaappaaapaaapaapaaaapapaaaaappppaapappapppppapaappppaaappapappaapaaaapaapaaaaapappppaappppapppppappappppaaappappppappppppapapapaaaaappppppppppaappppppppppppappppapappaapappaapppaapaaaa
44,45,16,10,4,6,3,9,4,3,3,5,5,3,10,10,10,10,10,11,12,15,15,17,16,19,24,28,24,29,paaapaaaaapaapaaaaaaaapaaapaapaapaaaapaaaapaaapaaapaaaaapapaaaaaaaapaaaapapaaapaaaapaaaapaapaaapaaaaapapaaaaaaaapaaaapapaaaapaapaaaaapaaapaapaaaaapapaaaaaaaapaaaapaapaaaapapaaaaaapapaaapaaaaapapaaaaaaaapaaaapapaaaapaapaaaapaaapaaapaaaaapapaaaaaaaapaaappaapapaaaaapaaapaaapaaapaaaappappaaaaaaapaaaapapaaaaaapapaaapaaapaaapppaappapapaaaaaapaaapaapaaaaapapapaapaaapaaapaapaapppaapaaaaapaaaapapaaaapaappaaappaapaaapapaapppppppaaaaapaaapaapaaaapaapaaaappaapaaapaaaappapapapaaaappaaapapaaaapaapaapappaappappappappappaaaaaaappaappapaaaaapaapaaapappppaapapaapppppppapaaapppaapppaaaapaaapaaapppppppapappappapppppappappapppapapaaapappaaappapppaappppappapppppappappaaapapaaaapaaapaapapappppppppppppppppppaappppaaapapaaaaaappaaappap
45,51,16,10,5,6,8,9,5,2,3,3,4,6,10,11,10,11,11,11,12,17,15,24,22,23,29,26,32,36,paaaapaaaaapaaaaaaapaaaaaaaapaaaapapaapaapaaapaaaaapaaaapaaaaapaaaaaaaapaaaaaaapaaaapappaapaapaaapaaaapaaaaapaaaaapaaaaaaaapaaaaaaapaaapaapaaappaaapaaaaapaaaaaappaaapaaaaaapaaaaaaaapaaaaappaaaapaapaaapaaapaaaaaaapaapaaaaaaappaaaaaaapaaaaappaaaapapaaaaapaapaaaaaaapaapaaaaaaaaaapaaaaapapaaapapapaapaaapaaaaapaaaaaappaaaapaaaaaaapaaaaaapaaaaapppaaappaaapaaaaapaaaaapappapapaaaaapapaaaaaappaaapappapaapaaappaaaapaaaappaapppapaaaaaaappaaaaaapaaaappaapaaapaapaaaaappaaappapaapppaaaaappapaaaaappppaapppapapaapppaaapappaaappppaapppaaaaapppppaaaappaaaappaaaapppaapaaaaapppaappppaapappaaaappppaaaaappppaappaaaapaapaaapaaappaaapppppappppaaaappppapaaappppapappappaapapaaapapppappppppaapapapaaappppaaaaapppppapapaaapaapapaapaappapapppppappppapaappppaapaapppppappppappapaapaapaappapapppppappppaappppppaappppppppppapapppapaapapapa
46,50,16,10,11,3,6,7,5,4,4,5,2,3,10,10,10,10,12,12,16,14,14,16,24,24,23,24,29,33,paaaaaaaaaapaapaaaaapaaaaaapaaaapaaapaaapaaaapapaaapaaaaaaaaapaapaaaaapaaaaaaapaaapaaapaaaapaaaappaapaaaaaaaaaapaapaaaaaapaaaaaapaaapaaaapaaaapaapaapaapaaaaaaaaapaaapaaaaaapaaaaaapaapaaapaaaapaaaapapapapaaaaaaaapaaapaaaapapaaaapaaaapaaapaaaaaapapapaapaapaaaaaaapaapaaaaapaaaaaappaaaapaaapaaapaaaapapaapaaaaaaaaappappaaaapaapaaaapaaapaaapaaapaaapppppapaaaaaaaaaapaapapaaappapaaappaaapaaaapaaaapaaappaapaaaaaaaaaappapaaaaapapaaaapppaapaaapaaapaaaapapaapaaapaaaaaappapppaaapaaaaaapppaapaaaapaaapaaaappaappappaaaaaappapppaaapappaaappppapaaapppaapapaapaappppappaaaaappappppaappaaaaapppappaaappaaapaaapappappappapaaaapppppaaaapapppaapppaapaaapaaapapaaapapappppapaaaaappappppaapappaaapppaapaaappaapaaapappaappaapappppappapppppppappaaappppppaaappaapaaaaappaapppppppaaapppapppppapappapppppaapappppappaaaapppaa
47,51,16,10,7,4,5,4,7,3,5,5,5,6,10,10,10,10,10,11,15,12,13,21,20,23,26,26,29,32,paaaaaapaaapaaaapaaapaaaaaapaapaaaapaaaapaaaapaaaaapaaaaaapaaaapaaapaaapaaaaaaapaapaaapaaaapaaaapaaaaaapaaaaapaaaaapaapaaapaaaaaaapaapaaaapaaaapaaaapaaaaaapaaaapaaaapaaapaaapaaaaaapaaapaaaaapaaaapaaapaaaapaaaaaaapaaaapaaapaapaaaaaapaaaapaapaaaaaapaaaapaaapaapaaaapaaaaapaapaapaaaaaaapaapaaapaaaaapaaaaaapaapaaapaaapaappppaappapaaaaaapaaaaapaaaapaaapaaapaaaaaaaapaappaaappaaapaapaaaaaapaapaaaapaaaaaapaapaaaaapaaapaappaaapaaappaapaaaaaapaaapaaaaaapapaaaaapaaaappapaaappaapppaapppappaaaaaapaapaaapapaaaapaapaappapaaappappaappppappaappaaaaappaaaaapaaaapaapaaapaaappaappaappaapppaapppapppaaaapapppaaaapaaapappaaaaapappappapppaappppppppappppaaaapapaaaapaaaappapapaaaaappappaapppappppapppappppppapaaapaaapaaaapaaapaaapaapppppppppapppppppppappppaappaaapapapaaaapaaaaapaaaapppppapppppppppppppppppppaaaappaapapaaaappaaappaaaa
48,60,16,10,9,5,7,10,8,3,2,6,7,3,11,11,10,11,11,13,14,13,18,21,18,25,34,28,37,38,ppaaaaaaapaaaapaaaaaapaaaaaaaaapaaaaaaapaapapaaaaapaaaaaapaapaaaaaaaaapaaapaaaaaaapaaaaaaaaapaaaaaaapapapaaaaappaaaaapaapaaaaaaaaaapaaapaaaaaapaaaaaaaaaapaaaaapaaapapaaaapaaaaaapaapaaaaaaaaapaaapaaaaaaapaaaaaaaaappaaaaapaaapaapaaaaapaaaapaapaaaaaaaappaaaapaaaaaapaaaaaaaaapaaaaaapaapaaaapaapaaaaaaapaapaaaaaaaaapaappaaaaaapaaaaaaaapaapaaaapappapaaaaaaapaaaaapapapaaaaaaapapappaaaaaappaaaaaaaapaaaaaapaaappaaaaapaaaaaaapaapapaaaaapapaaappaaaaapaaaaaaaapaaaaaaapaapaaapaaapaaaaaaapappaapaaaappaaappaaaaappappaaaaaaappaaaapaaapaaaapapaaaaaaapappaaaaaaaapppppppaaaappaaaaaaaappppaaaaapaapaaaapapapaaaaaapppaaaaaaappppappaaaaappapaaaaaaaapaaaaapaaapppaaaapaaaaaapaappaaaaaaappppppppaaaappaaappaaappppppaapaaappaaaaapaaaaaaapappppapaaapppppppppaaappaaaapaaapppppppppaapppaapaaapppaaaapappaaaapaappppppppppaapppaaapaaappppaaappaaappaaaaaaapaaaaapppppapappapppppppppaaapppaaapppappppppppaappppaaaaaaapapaappappppaappppppppppppapppppaaapaappppppapppapappaaaapaaaaappapa
49,44,16,10,3,4,8,3,4,6,6,3,4,3,10,10,12,11,13,11,11,14,13,15,17,19,22,25,26,28,paapaaapaaaaaaapaapaaapaaaaapaaaaapaapaaapaaapaapaapaaaaaaaapapaaaapaaaaapaaaapaapaaapaapaapaaapaaaaaaaapaapaaaappaaaapaaapaappaapaapaapaaapaaaaaaapaapaaaaaapaaaaappapaaaapapaappapaaapaaaaaaaapappaaaapaaaapaaaappaaaappaapaapaaapaaaaaaapaapaaaaaapaaaaapaapaaaapappaapappaapaaaaaaaaappaaaaaapaaaaaapapaapaaapaapapppaapaaaaaaappappaaapaaaapaaaaaaappaaapaaapppaaapaaaaaaappppaaaaaaapapaaaaapaaaaappaappappaapppaaaaapappaaaaaapaaaapaaapaapaaapaapppppaappaaaaaappppapapaaaaaaaapaapaaapaapaappappaappapaaaappppapapaaaappaaaaapaapaaapapppppppappapaaaappppppaaaapaapaaaapppaapaapaappppppapppappaapppppaaappapapaaaaapaappappaapppppaapppppppapppppppaapaaapaaaaapaapppapaapppppppppppapppppppppaapaaaapaaaapppapaaappa
50,46,16,10,4,3,9,6,8,1,5,2,3,5,10,10,10,10,12,10,11,13,15,16,18,24,21,26,30,35,paaapaapaaaaaaaapaaaaapaaaaaaappaaaapapaapaaaaapaapaapaaaaaaaapaaaaapaaaaaaappaaaapaapaapaaaapaapaapaaaaaaaapaaaaapaaaaaaapapaaapaapapaaaaapaapaapaaaaaaaaapaaaaapaaaaaappaaaapaaapaapaaappapaappaaaaaaapaaaaapaaaaaaapaapaapaaappaaaaapaapaapaaaaaaaapaaaaapaaaaaaappaaaaappaaaapaaapaapaapaaaaaaaapaaaaapaaaaaaappaaaappaappaaaaapaapaaaappaaaaapaaaaapappaaaappaaaapaaappaaaappaapaapaappaaaapappaapaaaaaaappaaaaappaaaapaappaapaappapapaaappaaaapaaaaaaapaaapapaapapaapappaappappppaapaapaaaaapapapaaappaaaapaapapaaaappaappapaappaaaapppppapppppppappaaaapaaapapaaappapppapapppaaaapaapaapppapapappaaaapaaapaapaappapppppapppapaapaappapppapapapaaaapppapppaaaapppappppppppapppppappapppppaaapppaaappapaaapaapppappppppppaappppappppppppappppaaaapppappappp
51,52,16,10,5,6,3,10,6,5,7,3,2,5,10,10,10,10,10,11,13,17,17,15,18,24,28,28,30,35,paaaapaaaaapaapaaaaaaaaapaaaaapaaaapaaaaaapaapapaaaapaaaaapaaaaapapaaaaaaaaaapaaaapaaaaapaaaaapaapaapaaapaaaapaaaaaapaapaaaaaaaapaaaaapaaaapaaaaaapaapaapaaapaaaapaaaaaapaaapaaaaaaapaaaaapaaaaaapaaaaapaapaapaapaaaapaaaaaapaaaapaaaaaaapaaaapaaaaaaapaaapaaapaaapapaaaaappaaaapapaaaaaaaaaapaaaapaaaaaapaaaapaapaapaaapaaaapppaaaapaapaapaaaaapaaaaapaaaaaaaapaaapaapaapaappaaaappaaaapapapaapaaaapppaaapaaaapaaaaaapapapaapaappaaaapppaaapapapapaaaaappaaaappaaaaaaaapapaapaapaaapaaaaappaaaapappaapapaaappaaaaaapaaaaaapaapaapaaapaapapaapppaaaapapppapaaaaapppaaaapaaapaaaaaapaaapaapaapaapapppppappappaapappaappapaaapaaaaaaaaapappppaapaapppaapppappppapppppapppapppapapaaaaaaaaapapaaappapaapppaapppaapppapppppapapppppaapaaapapaaaaaapaapappapappppapppaaappppppppapaaapppaaapaappaaapapaapapppapappppppppppppppppppppapapapppapapapaapapaapapaapppapaa
52,61,16,10,7,9,8,10,7,4,6,4,3,3,10,11,12,10,12,12,14,14,16,22,24,26,30,41,44,46,paaaaaapaaaaaaaapaaaaaaapaaaaaaaaapaaaaaapaaapaaaaapaaapaapaappaaaaaapaaaaaaaapaaaaaaapaaaaaaaapaaaaaapaaapaaaaapaaapaapaaaapaaaaaapaaaaaaappaaaaaaapaaaaaaaapaaaaapaaaapaaaaapaaapappaaapaaaaaapaaaaaaapaaaaaaaapaaaaaaapaaaaaapaaaapaaaapaaaaappaapaaaaaaaaapaaaaaapapaaaaaapaaaaaaapaaaaaaapaaaappaapaaaapapaapapaaaaaapaaaaaaapaaaaaapaaaaaaaaapaaaaaapaaaaaaapppaaapaapaapapaaaaapaapaaaaapaapaaaaaapaaaaaapapaaaapaaaaaaapaapaaaapaappapaaaaaapaaaaaaaaappaaaapppaaaaaapaaaaaapaaapaaaaapaaaapapaapapaaaaapaappaaaapaaaaaappapaaaaaapaapaaapaaaaapaaapaaaapapaapapppaaaaaapapaaapaapaaaappppaaaaappppaaapapaapaaaaaapapaapaapapppaaappapaaaaapaapppappppapaaaapappaaapaaaapaaaapaaapaapaapapppaaapppppapaapaapaaappppaaaaaapppppaaapaaapaaaapaaapaapaapappppapppppaaaaapapppappppppapaaappppaaaapaaaapaaaaaapaappaapppppapappapappppppppppapppppaapaappppppappapappaaappaapaapappppppaapppppppppppapppppppppppappapppppaapappappaaapaaappppaapappppppppppppapppppppppppppppppappppppppaapapppaaapaaapappaa
53,55,16,10,3,13,6,8,6,2,3,3,5,6,10,10,10,12,11,12,14,12,17,14,21,20,23,32,33,35,paapaaaaaaaaaaaapaaaaapaaaaaaapaaaaapapaapaapaaaapaaaaapaaapaaaaaaaaaaapaaaaaapaaaaaapaaaaapapaaapaapaaaapaaaapaapaaaaaaaaaaaaapaaaaapaaaaaapaaaaapapaaapapaaaaapaaaapaaaapaaaaaaaaaaapaaaaapaaaaaapaaaaaapppaapapapaaaapaaapaaaapaaaaaaaaaaapaaaaappaaaaaapaaaaappaaapapaaaaaaapaappaapaaaaaaaaaaapaaaaaapaaaaaapapaaapapaaapapaaaaapaaaapaappaaaaaaaaaaapppaaappaaaaaapaaaaapaaapapapaaaapaaaaappaappaaaaaaaaaaapaaaapaaaaaaapaaaaapapaaapaapaaapaaaaappappaaaaaaaaaaappapaappapaaaapaaaaapaaapapppaaaaapaaaapaaapapaaaaaaaaappaaaapppaaaaapaaaaapapaaapapaaaapaaaaapaappppaaaaaaaaappappapppaaaaapaaaaapappaapapaaaapaaapppappppappaaaaaaappaaaappppaaaappaaaapapaaapapaaaapaaaaapappppaapaaaaaaapppppppppaaaaapppaaapapaaapapaaaaapaaaappappppapppppaaapppppapppppaaapppaaapaapaapaaaappppaapappappppapapaapppppppppppppapppppapaapapaaapapaaaappaaaapppppppapapapaaappppppppppaapapppapppapaaapappaapppaaap
54,55,16,10,6,7,4,9,11,3,3,5,3,4,10,10,10,11,11,11,12,16,17,20,24,31,27,29,34,41,paaaaapaaaaaapaaapaaaaaaaapaaaaaaaaaapaapaapaaaapaapaaapaaaaaapaaaaaapaapaaaaaaaapaaaaaaaaaaapapaaapaaapaaapaapaaaaaaapaaaaapaaapaaaaaaaapaaaaaaaaapaaapaaapaapaaapaaapaaaaapaaaaaapaapaaaaaaaaapaaaaaaaaapaaapapapaaapaapaapaaaaapaaaaaaapaapaaaaaaaaappaaaaaaaapaaapaaapaapaaapaapaaaaaaaapaaaapaaapaaaaaaaapapaaaaaaapaapaaaaapaapaapaapaaaaaaapaaaaappapaaaaaaaaapaaaaaaaaapapapapaaaaapaaapapapaaaapappaaapaappaaaaaaaapaapaaaaaapaapaaaaaapppaaapappapaappaapaaappapppaaaaaaapaaaaaaaaaapaapaaapaapaapaaappapaappaapaapppappapaaaaaapapaaaaaaapaapaapaaaapaaappappppaapppapaappaapppapaaaappaapppaaaapaapaaaapaapaaapaappppaapppappappppppaappaaappaapapppaappappaaapaaappaapappapaappapppaappppppaaaaaappappapappapaaapppaaaaaapapaappappappppppapppapppapaaaappaapapapappaaapaappaaaapapaapppppappppppppppppppapaaaappappapaaappaappapapaapaappaappppapppppppppppppppapappppppppapapppppapaapapaappaapap
55,56,16,10,6,5,8,8,10,3,4,3,3,6,10,10,11,13,13,12,12,17,18,25,27,29,35,32,41,43,paaaaapaaaapaaaaaaapaaaaaaapaaaaaaaaapaapaaapaapaapaaaaapaaaaaapaaaapaaaaaaapaaaaaaapaaaaaaaapaapaaapaapaaapaaaaapaaaaaapaaaapaaaaaaapaaaaaaapaaaaaaappaapaapaapaaaapaaapapaaaaapaaapapaaaaapaaaaaaaappaaaaaapaaapaaapaapaaaapaappaaaaaapaaaaapaaaaapaaaaaaaaapppaaaapaaapaaaappaaaaaapapapaaaaapaaaaaapaaaappaaaaaaapaaaaaaapaapaaapaapaapaaaaaaappaaaapaaaaaapaaaappaaaaaapaaaaaaaapaapaaapaapaapaaaaapppaaaaapaapapaaaaapppaaaaaaappaaaaaaaapapaaapapaaaaappapapaaaappaaaaapaaaaapppaaaappppaapaaapaaapaaapapaapaaaaappaapaapppapaappaaapppapaaapppaaappaapapppaapaapaaaaapaappaapapppapapppppaapppaapaappppappaaapaapaaapaapaapaaaaapppppapppapppappaaaappappaappppappapapaapaaaapapaapaaaaapppppppppaappppppaappppppaappppappaaappapappapapaaaaaapapppppapppaappppppaappppappapappapppaapaapaaapaapaapaapaapppppppppapppppppaapppapppppppppppppapapppaapappaaaaappapppppppppappppppppppppppppappppappppppaappaappapappaaaap
56,48,16,10,9,5,5,6,6,2,4,1,5,5,10,10,11,11,12,11,13,17,17,19,21,26,27,34,36,36,paaaaaaaapaaaapaaaapaaaaapaaaaapapaaappaaaapaaaaapaaaaaaapaaaaapaaaapaaaapaaaaaappaaappaaaapaaaaapaaaaaaapaaaaapaaaaapaaaapaaaaappaaapppaaaapaaaapaaaaaaaappaaaapaaaapaaaapaaaapaapaapapaaaapaaapaaaaaaaapaapaaapaaaapaaaappaaaapaapappaaaaaapaaaapaaaaaapaaaaaapaaaapaaappaaaapaaapapaapaaaaapaapapaaaaapaapapaaaaappaaaaapaaapapaaapaaapaaapaappaappaaapaapapaaaaaapaaapppaaappapaapapaaaaaapappppaaaaappaaapppaaaapaaaappaaapapaaappaaaaaapaaappaapaaappaaapppaaappaaappppaaapaaappaaaapaaaapapppapaaappaappppaapappaapppaaaapapaapaaapaaaaapppppaaaaappppppppaapppppapppapaapaapappaaaaapaaapppapaaaappppapppaapappapppppaapppapappaaapaaaapppppaaaaappppppppaappppppppppappppappppaaapapppappppapppppppppppppappppppppppaapapappppaaapaappapppppaappppppppppapppppppppppappppaapppaaaapapap
57,48,16,10,3,9,7,3,8,6,3,5,2,2,10,10,10,10,11,10,13,13,14,16,20,21,26,25,30,33,paapaaaaaaaapaaaaaapaapaaaaaaapaaaaapaapaaaapapapaaapaaaaaaapaaaaaapaaapaaaaaaapaaaaapapaaaapapapaaapaaaaaaapaaaaaapaaaapaaaaapaaaaaapapaaaapapaapaapaaaaaaapaaaaaapaapaaaaaaaapaaaaapapaaaapapapaaappaaaaaapaaaaaapaapaaaaaaapaaaaaapapaaaapapapaaapaaaaaaapaaaaaapaaaaapaaaaapaaaaapapaaaapapapaaappaaaaaapaaaaaapaapaapaaaaaapaaaapappaaaappapaaapapaaaaappaaaaapaapaaaaaaapapaaaapaaapaapaappaapppaaaaaapaaaaaapaapaaapaaapaapaaapapaaaapapapaapppapaaaapaaaaaapaappappaaaapaaaaapapaaaapapappaappappaaapppaaaapaapaappaaaappaaaapaapapapapapaaappaaaaaapapppaappapppppaaaaapapaapapaaaapappppppppppapaappaaapapappappppaapapaaaapapaaaapapppappppppapaappaapappppppappapapaaaaaapapaaaapapapapppppaappapppapapppppppppapaappaaaappppaaapaapppppppppapappppaappppppppppaapppaaapapaappappapa
58,62,16,10,8,12,10,5,6,4,5,5,3,4,10,10,10,10,11,11,12,16,21,17,23,28,30,32,38,44,paaaaaaapaaaaaaaaaaapaaaaaaaaapaaaapaaaaapaaapaaaapaaaapaapaaaapaaaaaaapaaaaaaaaaaapaaaaaaaaapaaapaaaaapaaaapaaaapaaaapapaaapaaaaaaaapaaaaaaaaaapaaaaaaaaaaapaapaaaaaapaapaaaaaapaaapaapaaaapaaaaaapaaaaaaaaaapaaaaaaaaapaaaapaaaaaapaaapaaaapaaapaaapaaapaaaaaaaapaaaaaaaaaaapaaaaaaaaapaappaaaaaapaaapaaapaaapaaaapapaapaaaaapaaaaaaaaaaapaaaaaaaapaaaapaaaaaaaapapaaaapaaapaaaapaapaapaaaapaaaaaaaaaaapaaaaaaaapaaaapaaaaapaaaaaapaaaapaapaapappppaaaaaapaaaaaaaaaaapapaaaaaapapaapaaaaapaaapaaapapaaapappaaapppaaaaaapapaaaaaaaaapapppaaaapppaapaaaaappappaaaaapaaapaaappappaaaaaappaapaaaaaaappaapaaaaapppaapaaaaapaaaapaaaaaapaapaapaapppappaaapaappaaaaaaappppaaaaappppapaaaaapaaappaaaapaaaapapaaappaappaapppapappaaaappppaapaaappppappaaaapaaappaaaapaaapaaappapppappaaapaapapappaapppppapaaappppapppaaapaapapaaaapaaappaapaapppappaappappappaaaapppppappaappppppappaapaaaaaaapapaapapaaapapppapppppppppppappaapppppppapappppappaappaapapaaaaapaaapaapapapppapppapppppppaappppppppppppppppppppappppaaappaaaapaaappapapa
59,48,16,10,5,6,8,9,7,1,4,3,3,2,10,11,11,11,10,10,15,14,17,17,21,22,26,27,29,36,paaaapaaaaapaaaaaaapaaaaaaaapaaaaaappaaapaapaapappaaapaaaaaapaaaaaaapaaaaaaapaaaaaappaaapaapaapapaaaaapaaaapaaaaaaapapaaaaaapaaaaaapapaapaaapapaapaaapapaaapaaaaaaaaaapaaaaaapaaaaappaaapaaapapapaaaapaaaaaapaaaaaaaaapaaaaapaaaaaappaaapaapaapapaaaaaapaaapaaaaaaaaaaapaaaapaaaaaappaaaapaapapapaaaapappaaaapaaaaapaaaapaaapppaaaappaaaapaapaappaaaapapaaapppaaaaapaaapaaaapaaaaaappaaapaaapapapaaaapaaaaapappaaaapapppapaappaaaaappaaaapapaapapapaapapaaapapaaaaapaapaappapaapaaappaaapaaapapapaaaappppaapaaapaaaapppppapappaapaappaaapaaapapapaaaapppaaappppaaaappappappappapaaappaaaaappaapappapapppaaappppaaaappappapppppaaapappapapaaapapapppaappppaappppapaappppppapappapaaappaaapaaaappappppapppapappppaapapappppppappapaaappaaapaappapapppapppppapppppppapppppppppapppaaappppappaaapppa
60,41,16,10,3,3,4,9,6,3,4,4,3,2,10,10,11,11,11,11,12,12,13,14,19,22,27,25,27,30,paapaapaaapaaaaaaaapaaaaapaapaaapaaapaapapaapaaapaapaaaaaaaapaaaaapaapaaapaaapaapapaapaaapaapaaaaaaaapaaaaaapappaaapaapaaappaapaaapaaapaaaaaaappaaaaapapaaaapaapaapaapapaaapaapaaaaaaaappaaaaapapaaaapaapaapapaapaaapaapaaaaaaaaappaaapaaaapapaaaapapapaapaaappapapaaaaaaaapaaapaaapaaaapapaapapaapaaapaapaaaaaaaapappaapaaaapapaaapaapapaapaaappppaaaaaaaappaaaapaapaaapaaapaapappapaaapaapaappaaaapapaaapaaapaaaapapaapapaappappppppapaaaaapppaaapaaaapaaapapappappapaapppapppppppaapppaaapaappaapaaapaapappppaappppppappppaapppppappaapapaapppaapappapaapppppppppapaapppapppaappaappaapaapappappapppppppppppaapppppaapppapapaaapaapappppppppppppppppppppppapappappaaaapapaapa
61,39,16,10,6,5,4,5,6,3,3,1,2,4,10,10,10,12,10,11,12,10,15,18,18,22,24,25,22,32,paaaaapaaaapaaapaaaapaaaaapaapaappapaaaapaaaapaaaaapaaapaaaapaaaaapapaappaapaaapaaaaapaaapaaapaaaapaaaaapaaapappaaapapaaaaappaaapaaappaaaaapaaapaapaappapaaapaaaaaaapaapaaapaaaaaapaaapaapaappaapaapaaaaapaaaapaaapaaaaaapaaapaapapppaaapapaaaaapaaaapaaappaaaaapaaaapapaappappaapaaaaaapaaapaaapaaaaaapaaapaapaappaaaapppaaaappaaappaapaaaapapaaaaappaappapapappaaaappppappaappaaaappaaapaapaappapapappaaaappppapaaapppaapppaaapaapaappapaaappaaaapppppppaapppaappppaapappaapapaapappaaaapppppppppppppapppaaapaapaappappaapppaaappppppppapppaappppaapaapaappapppappaaaappppppppapppaapppapapaapaappapaaappapppppppppppppppapppppappapppapppappa
62,48,16,10,7,7,6,4,6,2,6,4,3,3,10,10,10,10,12,14,14,15,18,15,19,25,26,35,33,34,paaaaaapaaaaaapaaaaapaaapaaaaapapaaaaapaaapaapaapaaaaaaapaaaaapaaaaapaaaapaaaapaapaaaapaaaapaapaapaaaaaaapaaaaapaaaapaaapaaaaapapaaaaapaaapaaapapaaaaaaaaapaaaaapaaapaaapaaaaapapaaaaaapaapaaapaapaaaaaaaapaaaaapaaappaaaapaaapapapaaaapaapaaapapapaaaapaaapaaappaaaaapappaaaapaaapaaaapaapaaaapaaapaaaapaaapaaapaaappapaaapaapaapapaaaapapaaapapaaaaaappappaaaappaapapapaaaaapapaaaaapaaapaaaapppaaaaaapappaapppaaappaapapapaappaaaaapaaaapapaapaaaaaaapppaaaaapaaapapapppaaapaaaaapapaaaaapapappaaaaaapapapapapapapapappaapapaaaapaapapapaaapapppaaaappppaaapppapapppapppapaappapapapaaapaaapappappaappppaaapappaapapapppppapapaapaappaappapaappppppapppppppppppappppppppppapapapaaapapapaappapppppaappppppapppppppppppppapppapaaaaappaaappapapppapapppppppppppppapppapppppapapaapapppappaaapa
63,58,16,10,10,3,8,4,12,5,4,4,5,3,10,10,11,12,12,11,11,15,20,21,27,25,30,31,36,45,paaaaaaaaapaapaaaaaaapaaapaaaaaaaaaaapaaaapaaapaaapaaaapaaapaaaaaaaapaapaaaaaaapaaapaaaaaaaaaaaapaaapaaapaaaapaaapaaaapaaaaaaappaapaaaaaapaaaapaaaaaaaaaapaaaaapaapaaaaapaapaapapaaaaaaapaaaapaaaaapaaapapaaaaaaaaaaapaaapaaapaapaaaapaaaapaaaaaaappaaapaaaaapaaapaaaaaaaaaaaaaapaaapaaapapapaaapaaappaaaaaapaapaaaaaaapaaaapaaaaaaaaaapaaaapaaaaaappaaaaaapaaaapaaaaapaaaaapaaaappaaaaapaaaaaaaaaapaaaaappaaaaapaapaapappapaaaapaapaaaaaaapaaapaaapaaaaaaaapaaapaaaapaaaapaappapapapapaaappppapappaapapaaappaaaaaaaaapaaapaaaapaapaaaaapaaaappapaaapapppaaapaapppapappapaaaaaaapaaapaaaaapapaapapaapppappaaaapappappapaapppappppaappaaaapaaaaapapaaapppaaapaapapppppaaapapppapappapapapppaaaaaaaaapapaaapaaaaappaaaapappapppppaaapppppppppaapppappppappaaaaaaaapapaaapaapaaaappaapapaapppaapppppppppappppapppppapapaaaaapaapapaapaaapaaapaappppppppaapppppppppapppppppppppppaaaappaaapaaapaaaaapaapaapappppppppppppppppppapppappppppppappppapappapapppppaaaappa
64,58,16,10,7,6,5,7,4,4,6,6,5,8,10,10,10,10,11,11,12,14,16,16,19,20,26,31,32,37,paaaaaapaaaaapaaaapaaaaaapaaapaaapaaaaapaaaaapaaaapaaaaaaaapaaaaaapaaaaapaaapaaaaaaapaapaaaapaaaaapaaaaapaaaapaaaaaaaapaaaaapaaaaapaaapaaaaaaapaaapaapaaaaaaapaaaaapaaaapaaaaapaaaaaaapaaaapaaaapaaaaaaapaapaaaapaaaapaaaaaaaapapaaaaaaaaaapaaaapaaaappaaapaaaaaaaapaaapaapaaaaapaaaaaaaapaaapaaaaaapaaaaapaaaaapaaaapaaaaaapaappaaapaaaaapaaaaaaaapaapaaaaaaapaaaaapaaaaappaapaaaaaapaaaapaaapaaaaapaaaapaaapapaaaaaaappaaaaaapaaappaaapapaaaaappapaaapaaaaaaaapaaaaaapaapaaaaaappaaaaapaaaaappaapaapaaappappaaaappaaaapaaaaaaaapaaaapaaaappaaaappaaaaappaappaaaaaapaapaaaapaaaaapaaaappaapaapaaaaapapapaappapaapppaappaaaaappaapaaaapaaaappaaaaaaaapaaaaapaaapppaaaapapaappaaappppaaappaapaaaaaappappaaaaaaaapaapaaaaapppppaappappappppappppaaappaapaaaapaaappaaaaaaaaapaapaaapapppppaaappppappppappppppapppappappaaaaaapaappaaaapaaaaaapapppppaapppppapppppppppapapppppaaapaaaaaapaaaaapaapaapaaapppppppppppppppppppppppppapppppppaaapaaapppaaaaapaapaapaaaaa
65,52,16,10,9,8,7,7,6,2,3,4,3,3,10,10,10,10,11,12,12,16,16,19,24,26,27,32,37,40,paaaaaaaapaaaaaaapaaaaaapaaaaaapaaaaapapaapaaapaapaaapaaaaaaaapaaaaaaapaaaaaapaaaaaapaaaapaapaapaaapaapapaaaaaaaaaapaaaaapaaaaaaaapaaaaapaaaapapaapaaaapaapaapaaaaaaaaapaaaaaaapaaaapaaaaaapaaaaapapaapaaaapaapapaaaaaaaaaapaaaaapapaaaapaaaaaaapaaaapaaapapaaapaapaapaaaaaaapaaaaaaappapaaaapaaaaaapaaaapaaapapaaapaapaappaaaaaapaaaaaaaaapaaaappaaaaaapaaaapapaapaaaapaapapppaaaaaaapapaaaapapapaappaaaaaapaaaapapaaaapaapapaappaaaaaaaaapapaaapppaaaapaapaaaappaaapapaapaaaapapaaappaaaaaaaapapaaapppaaaappapaaaappaaapaaappaapapppaappppaaaaapppappaappppaaappapaaappaaaapapaapaaappaapappaapppaapapappaapppaaaappappaappaaaappaapppaaapapappppapapaapppapppapppapaappppaaapppaaaappaapaaaapapaapppapaapppppapppappppppappppapappppaapapaapaaaapapaapppppapaapppppppapppppppppppapppppapapppaapaaaapppaappppppapppppappppppppppappppppppppaappapappaaappappa
66,53,16,10,5,9,9,4,6,2,4,5,3,6,10,10,10,11,10,12,15,12,17,19,19,21,25,30,29,36,paaaapaaaaaaaapaaaaaaaapaaapaaaaapapaaapaaaapaapaaaaapaaaaapaaaaaaaapaaaaaaapaaapaaaaapaapaapaaaaapaapaaaaapaaapaaaaaaaaapaaaaaaapaaapaaaaaapaapapaaaaapaaapaaapapaapaaaaaaaaaapaaaaaapaaapaaaaapapaaaapaaapaaaapaaapaaaaaapaaaaaaapaaaaaaapaaapaaaaapaaapaaapaaapapaaaaapaaaapaapaaaaaapaaaaaaapaaapaaaaapppaaapaaaaapaaapaaapaaaapaapaaaaappaaaaaaapaaapppaaapaapaapaaaappaaapaaaapaaapaapaaaaaapaaaaaaapaaapaaaaapaapaaaapaaapapapaaapaaaapaaappaaappapaaaaappaapappaapaapaapaaaaapaaaapaapppaapappaaaaappaappaaappaapapaaapaaapaaapaapaaaapaaapapaappaaaaaaapppapaaaappaapappaapaaapppaaaaapaaaaapappapappppaaaaappppappaapaaapapaaapaaapapaaaaapaaapaaapppaapapppaaaapppapppaapppapappaapapaaaaapaaapaaapaapppppapppppppaappppapppapppapapaaappaapapaapaapaapaaaapppaapppppapaappppappapppaapapppapaaapapapappaaaapaaappppppppppapppppppappappppppappappapapapaaaaapppapaaa
67,45,16,10,5,6,9,4,7,3,2,2,5,2,10,10,10,11,11,10,11,13,19,21,26,26,31,36,33,40,paaaapaaaaapaaaaaaaapaaapaaaaaapaapapapaaaapaapaaaapaaaaapaaaaaaapaaapaaaaaaapapapaapaaapaaapaaaapaaapaaaaaaaaapaaapaaaaapaaapappaaaapaaaapaaapaaapapaaaaaapaaaaapaaaapaapapapaaaapaaapaaaappaapaaaaaaaapaaapaaaaaapaapapaaapaapaapaaaaapaaaapaaaaaaapaaaaaapaaapaaappaapaaaapapapaaapaaaaaapaaaaapaaapaaaaaapaapapapaaaapaapaaaappaaaaappaaaaapaaappaaaaapaapapapaaaapaapppaaapaaapaappaaaaaappappppaapaapapaappaapaapapapppaaapaapppaaapapappppaaapaapappaapaapaapppapapaaapappapaaappppppppapppapappaaaapappapppappppaaapppaaaaappppppppaappaaapppappaapaapppappppaappppppppapppppppppppaapappaaaaappappppapppppapppppppapppppppppppppaapapapppappaapppappppaappppppppppppppppppapppapapaapaappapppppppppppppppppppppppppppppppppapppappapapa
68,57,16,10,7,11,5,8,8,6,3,3,3,3,11,10,11,10,12,11,10,17,17,17,24,25,28,32,34,42,paaaaaappaaaaaaaaapaaaapaaaaaaapaaaaaaapaaaaapaapaapaapaapaaaaaaaapaaaaaaaapaaaapaaaaaaaapaaaaaaapaaaapaaapaapaapapaaaaaaaaapaaaaaaaapaaaappaaaaapaaaaaaaaapaaaapaapaapaaappaaaaaaaapaaaaaaaaapaaapaaaaaaapaaaaaaaaapaaapaapaapaaapapaaaaaaaaapaaaaaaappaaapaaaaaaapapaaaaaaaapaapaaapapaaaappaaaaaaaaaapaaaaaaapaaaaaapaaaapapaaaaapaaaaapaaaapapaaappaaaaaaaaapaaaaaaaapaaapaaaaaaapaaaaaaaaaaapapaapaaapaaapppaaaaaaappapaaaaappaaappppaaaapaaaaaaaaaapaapaapaaapaaappaaaaaaaapaaapaaaappaaapppaaaaapappaaaaaaapaapaapaaappaappaaaaaaapppaaaaaaaapaaapppapaaapaaappaaaaapaapaapaapaaaappaaaaaaappppaapaaapppaapppapaaapppaaaaapaaaappaapppapaaappppaaaaaapppppapaappapapppaappappaapaaapaaaaapaaaappaaaapppapaaaappppppaaaappapappppappapppapaaaaaapaapaapapapaapapppapaaappppapaaaappapappppaapapppapppapaaapappapppapapaappaaaaapppppppaapappapppppppppappppppapaaapaapaapapapaaapppppapppppppapapappppppppppppppppppapappaapaapappapapaapp
69,44,16,10,7,7,6,6,4,2,4,3,1,4,10,10,10,10,13,11,14,14,17,17,21,24,22,30,31,33,paaaaaapaaaaaapaaaaapaaaaapaaapapaaapaappaaaapaaaaapaaaaaapaaaaaapaaaapaaapapaaapaappaaaapaaaaapaaaaaaapaaaaaapaaapaaapapaaapaappaaapaaaaaapaaaaaapaaaaapaaaaapaaapapaaaapapapaaaapaaaapppaaaapapaaapaaaaapaaapaapaapaappaaappaaaaapaaaaaapaaaaapaaaaapaaapapaaaaapppaaappaaaaapaaaaaapaaaaapappaapaaapapapapaappaaapaapaaappaaaaapppaaaaapaaapaaapapaaapaappaaappaaaaapapaaaapapaaapapppapaaapppaaaapappaaappaaaaappaaaaapappaapappaapaaaappaaaapappapappaaaaapppaaaapapppapappappaaapapaaappapppaappaapaappapppapppapappppappaaapapaaapaapaappppaaaaapppappapppaaappppapppaapapaaapaapapaapppaappppppppapppppappppappppapaaapppaapaapapppaaaappppppapppppppppppppapppapaaappppapaappppaappppappppppppappppppppapppppaappappaaa
70,42,16,10,5,5,5,2,6,2,6,4,3,4,10,10,10,13,11,12,12,12,19,15,22,20,19,23,28,29,paaaapaaaapaaaapapaaaaapapaaaaapaaapaapaaapaaaaapaaaapaaapaapaaaapaapaaaaapaapaaapaapaaaapaaaapaaaapapaaaaapapaaaaapaaaapaaapapaaaapppaaaapaapapapaaapaapaaaapaaapaaaaapapaaaaapaaaaapppaapaaaapaaapaaaapaapaaapaapaaaaappaapapaapaapaaaapapaaaaapaaapaaapaapaaaaappaapaaappapaaaaapaaaapaaaapapaaapaapapaaapaaapaaappapaaaaapaaaaapaaaappaaaapapapaappppapapaapapppaaapappaaaapaaappaaapapapaapppaapapaapappaaaapaaaapaapaaaaapaapappppapppaapaapppappapaappapaaaapapapaaappapppaapppaapppappappaaaapapaapaaapaappaaapapppaappppapapappappapaapapaaaaapaaapaaapaapppaappppapappppapppapapapaaaaappaapaaappapppappppppppppppppppapppapaaaaappaapaaappappppappppapappppppppapppapaapppppaapaaappa
71,43,16,10,2,4,6,8,6,4,5,4,1,3,10,10,10,10,11,11,10,15,13,14,19,21,22,26,27,33,papaaapaaaaapaaaaaaapaaaaapaaapaaaapaaappaapapaaapaaaaaapaaaaaaapaaaapaaapaaaaapaapapapapaaapaaaaapaaaaaaaapaaaaapaaapaaapaaappaaappaaapaaaaapaaaaaaaapaaaaaapaaapaapaaapapaappaaaapaaaapaaaaaaaappaaaapaaaaapaaapapaapappaaapaaaaapaaaaaaaappaaapaaapaaaaapaapapaappaaaaapaaapaaaaaaaapaaaaaaapaaaapapaapaapppapaapaapaapapaaaaaappaaaapaapaapaaapapapaappaaapaapaappaaaaaaapaaaapaapapaaaaapapapaapppaapappaapaaaaaaaapapaapaaaaapaaaapapapappppaapapaaapappppaaappaaaapappaaaaaapappaappppaapppapappapaapappapaaapaaaaapapapapapappppaapppppapapapapaapaapapaapapaaaappappaapppppappppapppppaapapppapappaapaaaapaappapappppaapppppppppppapppppapappaaaaapaaaappapapppppppppppppppppapapppappapappaapappappppa
72,38,16,10,4,4,5,6,5,3,4,2,3,2,10,10,10,10,10,13,13,12,17,19,20,24,24,27,27,27,paaapaaapaaaapaaaaapaaaapaapaaapapaapaapaapaaaapaaaapaaaaapaaaapaapaapaapapaapaaapaaaapaaapaaaapaaaaapapaaapaapapaapaapaaaaapaapaaaaaaapaaapaaapaapapapapaaapaaaaapaapaaaaapaaaaapaaapapapaapaapaapaaappaaapapaaaaappaaapaapapapaapaappaappaapaaapapaaapaaaaapaaapapapaapaapaaaapapapaapaaaaapapaaapaapaapapaaapapappaaappppappaaaapppaaapaaapapaaapapapappppappaappappaapppaaapapaaapaapapappappppapppaapppapapaapaapaaapaapapapappapppppppppapppaaappapaapapapaapppapappappppapppappppapappppapaapaaapaapapppppppppapppappppaaapppppapapapppapappappappppapppppppppapppppaapaaapapappppappappppapppappppapappppaapapppaapppapp
73,51,16,10,3,8,3,6,8,4,4,3,6,6,10,10,10,10,11,12,11,12,18,17,18,23,24,29,28,31,paapaaaaaaapaapaaaaapaaaaaaapaaapaaapaapaaaaapaaaaapaapaaaaaaapaaapaaaaapaaaaaaapaaapaapaaapaaaaapaaaapaaapaaaaaapaapaaaaaaapaaaaaapaaaapaapaapaaaapaaaaaapaapaaaaaapaaaapaaaaapaaaaaapaaaapapaaaapaaapaaaaapaaappaaaaapaaaaapaapaaaaaaaapaaaapaapaapaaaaapaaaapapapaaaaaapaaaappaapaaaaaaapaaaaapaapaapaaaapaaaaapaaaaapaaaapaapapaaaaapaaaaaaapaaapaapaapaaaaapaaaaaapapaapaaapaaappaaapaaaaaaaapaaaapapaaapaaaaaapaaapppppapaaaapaapapaaapappaaaaapaaaapaapaaapaaaaappaapapappaaaaapaapppaaapppapaaaapaaaapaapaaaapaaapaaaapapapapapaapaapppaaapppapaaaapaaaapapaaapaaaapaaaaapppppapapaapaapppaaapppapppaapaaaaapaapaapaaappaaaapppapppappapaappppaapapappaaapaaaapapaaaaaappapaapapppppppppaapaapppppapppappapapapaapappaapaaaappaaaapppppppppaappappppaapppappapapaaaapaapaaapapapaaaapppppppppppppapppppapppppppaaapaaaapapaaapaaaapppaaa
74,47,16,10,6,6,6,10,4,1,4,4,3,3,10,10,11,11,11,12,11,13,16,19,21,24,27,31,32,33,paaaaapaaaaapaaaaapaaaaaaaaapaaappaaapaaapaapaaapaaaapaaaaapaaaaaapaaaaaaaapaaappaaapaaapaapaapapaaapaaaaaapaaaaaapaaaaaaapaaappaaapaaapaapaaaaapaapaaaaaaapaaaaaappaaaaapaaappaaapaaapaapaaaaapaaapaaaapapaaaapaaaaaaaapaaapapaaapaapaapaaappaaapaaaaaaapaaapapaaaaaaapaaapaapaapaapaaapaapaaaapapaaapaaaaaaaaaapaaaapaaappaaaaapapaapaaaaapaapapaaappaaaaappaaaaaaapaaapaaappaaaapapaapaapaapapaaapappaaapaappaaaapaaappaaaapaapaaaapppppaapappaapppppaapaaaaaaaapaaappaaaapaapaaaapppppaapppapappppaaappaapaaaapaaappaaaaaappaaaapppapaappppaappppaapppaappaaappaappapapaaapaapaappppaapppapappppaaappaappppapaaappapapaaapappappppppppppaaapppppppppppppppapaaapppaaaapaaappaapppppapppapapppppaappppppppppappppaaappaapaapaapppppppppapppppppaappppppapapapppppaapapapaaaap
75,54,16,10,4,5,5,6,11,6,5,5,1,6,11,10,10,10,11,14,13,14,16,19,23,20,24,26,33,28,ppaapaaaapaaaapaaaaapaaaaaaaaaapaaaaapaaaapaaaappaaaaaapaapaaaaapaaaapaaaaapaaaaaaaaaapaaaaapaaapaaaapapaaaapaaaapaaaapaaaaapaaapaaaaaaaaaaaapaaapaaaaapaaappaaaaapaaapaaaapaaaaaapaaapaaaaaaaaaaapaaaapaaaaaapaapaapaaapaaapaaaappaaaaapaaapaaaaaaaaaaapaaaaaapaapaaaappaaaaapaaappaaappaaaapapaapaaaaaaaaaaaapaaaapapapaaaapaapaaapaaappaaaappaaaapaaapaaaaaaaaaaaaapaaapaaapaapappaaaaapaaappaaappapaaapaaapapaaaaaaaaaapaaapaaaaapaaappaaaaappaappaaaapaaaaapaaapaappaaaaaaaapaaaaaapapppaapaaapaapaaappaaapppapapppaapapaapaaaaaapaaaapaaaapapaapapaaaappaappppapppapappaaapapapapaaaaaapaaapapaapaaaappaapaappaappaaapppappapaaappaapaapaaaaapaaapaaaapapaappaaaaappaappaappppppappaaapapppaaapaaaaapaaaaapaappaapapaapapppappppapppppapppaapppppaaaapaaaaapapaaaapaaaapaaapaappapppaapppppppppapappppppappaaappaappapaapapappaaaaapppaapppapppppppppapppapapaaaappaapaaaaaappaapaapapapaa
76,49,16,10,6,7,6,5,5,5,5,3,5,2,10,10,10,10,12,10,15,16,14,19,22,22,25,26,34,36,paaaaapaaaaaapaaaaapaaaapaaaapaaaapaaaapaapaaaapaapaaaapaaaaaaapaaaapaaaapaaaapaaaaapaaapaaapaaapaapaaaapaaaaaaaapaaapaaaapaaaaapaaaaapaapaaaapaaapapaaaaapaaaaapaaaaapaaaapaaaaaapaaapaaapaaaaapaapaapaaapppaaaaaaapaaapaaapaaaapaaaaaaapaapaaaaapapapaaaaaapaaaapaaaaapaaaapaaaaaaapapaaaaapaapaaapaaaapaaapaaaaapaapaapppaapppaaapaaaapaaaapapaaaaapppaapappapaaaaappaapaapapaaaaaapaaapaaaapaaaaapapaaaapappaaaaapappaapaaaapaaaaapaappaaaapaaapaaapappaapappaaaaapapppppppaapaaaaapaaaapaaaapaaaaappappppppppaaaaappppaapapaapaaaaapaaapaaaappapapaapappaapppppaaaappppaapppaappaaaaapaapaaaaappapaaaappppppppppaaaappppaapppaapppaaaapaaapapapaaaaapapapppapppppppaapppppapppaappaaaaapaapaapaapaaaapaappppppppppappappppapppppappppaapaaaappapppapaapapppppappppppppppppppappppppppppppaaappapaapaaappaap
77,44,16,10,4,7,3,8,7,3,5,2,2,3,10,10,10,11,11,11,12,13,13,17,20,22,24,26,29,32,paaapaaaaaapaapaaaaaaapaaaaaapaapaaaapapapaaapaaapaaaaaapaapaaaaaaapaaaaapaapaaaapapaapaaapaapaaaaapaapaaaaaaaaapaaaapaaapaaapaappaaapaapapaaaapaapaaaaaaaaapaaaaapaaapaaapappaaapaaapaaaaapaaappaaaaapaaaaaaapapaaaapapapaaapaaapaaaaappaapaaaaaaaapaaaaapaaaapapapapaaapaaapaaaaapaapppaaaaapaaaaaapaaaaapapapaapaapaaapapaaappapapaaaaaaapaaaapaaaaaappaapapappaaapaaaaapaaaapaaaaapppaaaapaaaaapapaappaappaaapaapaapaapapaaaaapapaaaaaappaappappppaapppappppaaappapppaaaaapppaaaaapaaaapapapapaaappapppppaappappppaaaapppaaaaapaaaaappapppaappppppppaaappapppppaaappppaaapaaaaapapapaapappppppppapappapppaaaaapapapppppaaaapapaappapppppppppaapppapppppppapppapappaaaaapapapappappppppppppappppppppapppppapppppaaaapapapapaa
78,53,16,10,5,6,8,8,6,6,4,4,3,3,10,10,12,11,13,12,11,16,16,18,26,26,25,25,29,35,paaaapaaaaapaaaaaaapaaaaaaapaaaaapaaaaapaaapaaapaapaapaaaapaaaaapaaaaaaapaaaaaaaapaaaaapaaaapaaaapaaapapaapaaaaapaaaaapaaaaaaapaaaaaapapaaaaapaaappaaapaapaapaapaaaaaapaaappaaaaaapaaaaaaaapaaaapaaaaapaaapaaaapaapapaaaapaaaaaapaaaaaapaaaaaaaappaaapaapaaaapapaaaapppaapaaaappapaaapaaaaaapaaaaaaaaapaaaapaaaapaaaapaaaapaappaaaapaaaaapaaaaaaapaaaaaaaappaaaaaapaapaaaaapaaapaappaaaapapaaappaaaaaapppaaaaappapaaapaaaapaaaapaaaapaappppaappaaaappaaaaaapapaaaaappaaaaapaaaapaaaaapapaaaappaaaaapppaappaaaaaapapaaaaapppapaaaaapapaaaaapaaappappapaappppaapppaaaaapappaaaappppppppaapaapaaaapapapaappappapppppappaaaaaapppapaaappppppapapaapaaaapaapaaaappppaappppaappaaaaaapppapaaapppppaapapaapaaaapaaapapappppapppppaappaaaaaapppapaaapppapaaaaapappapaapaaapaappppppppppaappapppaapppaapaapppppaaaaapppaaapaaaapaaappppppppppppppappapppppapapppppppaapaaaapaaaappppaapaa
79,46,16,10,10,5,4,5,3,5,5,3,4,2,10,10,11,11,10,12,15,15,16,22,28,25,31,30,31,39,paaaaaaaaapaaaapaaapaaaapaapaaaapaaaapaapaaapaapaaaaaaaapaaaapaaaapaaaapapaaaaapaaapaaapaaappaaaaaaaaaapaaaapaapapaaaapapaaaaapaapaaaapapaaapaaaaaaapaaaapaaapaaaaaappaaaapaaaapaaappapapaaaaaaaaaapaaapaaaaapaaapaaapaapaaaapaaapaapaaaapaaaaaapaaaaapaapapaaappapaaapaaaaapaapaapaaapapaaaaapaaaappaappaaaaappppaapaaaapaaapaapaaaapaaaaaappppaaapapapaaaapapapapaaaapaaaapapaaapppaaaaapaaaappaapapaaapppaaaapaaaapapapaapaapppppaaaappapappaapppaapapapaaapaapappaapaapapppppapaaappppppppappppapppppaaaaaapapaaapappappappapaaapppppppaapappppppaappaapaaaapaapaapapppppappaappppppppappppppppapaaaapaaappapaapppappppppaaappppppppppppppppppaaaaapaappaappaapapppppappaappppppppappppppppapaaapaaaapaapppppapppppppappppppppppppppppppppppappaaappaapppppp
80,45,16,10,10,4,5,7,4,3,2,2,5,3,10,10,11,12,12,10,13,11,16,20,20,23,26,28,33,31,paaaaaaaaapaaapaaaapaaaaaapaaapaapapapaaaapaaapaaaaaaaapaaapaaaaapaaaaapaaapaapapaapaaaapapaaaaaaaaapaaaapaaaapaaaaaapaappapapaapaaapaapaaaaaaaaapaaapapaaaapaaaaapaaapppapaaapaapaapapaaaaaaappaaaaapaapaaaaapaaaaappapaaapaaapapaaaaaaaaaaapapaaaaapaaaaaapaapaapapaaapaaapapaaaaaaaaappaapaapappaaaaapaaaaapappaaapaaapapaaaaaaaaapaappaaaaapaaaaapaaaaapappaaaapapaapaappaaaaapaaapaaaappppaaappaapaapaapaaaappaappaaapaaaapapppaapapppppaappaapaapapaaapaaapappapapaaaapapppaapappapaaappaapaapapaapaaappapapappaaaappapppapapppaappppaapaapppapaaaapaapapppppaaapppppappapppppaappaaaappapapaaaapapppppapapaapppppppppppppaaappaapappppaaaaapapapppppppppapppppappappppppppppapaapppaapaaappappppapapappppppappappppapappapppapapaappapppa
81,47,16,10,12,5,3,6,2,3,3,5,5,3,10,10,11,11,12,13,11,14,18,15,17,23,28,26,26,30,paaaaaaaaaaapaaaapaapaaaaapapaapaapaaaapaaaapaaapaaaaaaaaaaapaaaapaapaaaapapaapaaapaaapaaaapaaappaaaaaaaaaaapaaapaaapaaapaapaapaaapaapaaaapaaapaaaaaaaaaapaaaaapapaaaaapapaaaapapaaapaaaappaapaaaaaaaaaapaapappaaapaaapapaapaaaaapapaaaapaaaappaaaaaaaapapaapaapaapaapapaapaapaaaaapaaaapaapaaaaaaaaaappaaaapaaapaaapapaapaapaaaapaaaapaaapaaaaaaaaaappaaappapapapapaaapaappaaaaaapaaaapappppaaaaaaappaaappapapaaapappapaapaaaappaaapaaapappaaaaaaappaaappaaapaaapappapaaaapaaaaapapaapppaaaaaaaaapaaapppppapapapaapapaaaaaappaaaapaaapppappaaaaapppapppapapppapappaaappaaaapaapapaapppppppppaaappaapppapppppapapaaaapppaaapaapapapapppppaappaappaapppppppppappapapaapapaapaaaapaapppppaappaaapppapppapppapapappappaapaaapaaappaapppppaappapppppppppapppppppapaapaapapaapaaaappa
82,44,16,10,9,5,4,6,3,5,3,4,3,2,10,10,10,12,10,11,12,14,15,20,18,24,19,25,31,31,paaaaaaaapaaaapaaapaaaaapaapaaaapaapaaapaapapaaaaaaaapaaaaapaapaaaaaapaapaaaapapaaaapaapapaaaaaaaapaaaaapaapaaaaaapapaaaapaapaaapapapapaaaaaapaaaaappapaaaaaapaapaaaapaaapaaappaaaapaaaaapaaaaaapaaapaaapaaapaaaapaaapaapapaapaaaaaaapaaaaaapapaaaaappaaapaapaaapaaapapaapaaaaaaapaaaaappapaaaaappapaaaaapaapaapaapapaaapaaaapaaaapapapaaaaappaapaaappaapaapaapappaaaaaaapaaaapppapapaaappapaaaapaaapaaapapappppaaaaapaaaapppappppaappppaaaaapaapaaapapapppaapaaapaaaaappapppaaappappaaapaaapaaapapappppappaapppaapppapppapappaaaapapapapaaapapappaaaaaaapaaaapppappppaapppapaaapaappaaapapappppaaaaappppapppppppaaapppapaaapaapaaappappppppaapppppppapppapppppapppapaappaappaappapppppppaapapppappppppppppppppppaaappaaaapppapa
83,53,16,10,5,6,9,5,5,6,5,4,4,4,10,10,11,10,10,16,13,15,18,20,22,25,26,31,28,36,paaaapaaaaapaaaaaaaapaaaapaaaapaaaaapaaaapaaapaaapaaaapaaaapaaaaapaaaaaaapaaaapaaaaapaaaaapaaaapaapaaaapaaapaaaaappaapaaaaaaaaapaaapaaaaaapaaaaapaaaapaapaaaapaaapaaaapaaaaapaaaaaapaaaaapaaaaaapaapaaaapaaaapaaapaapaaaaaapaaapaaaaaaaaapaaapaaaaaaaapapaaaapaaapaaaapaapappapaaaaappaaaaaaaapaaapaaaaaappaapaaaaaapappaaappaappaapapaaapaaaaaaaaappaaaapaaaapaaaapaaaaapaapaaapaaappaaaapaaapaapaaaaappaaaaapppaaapaaapaaaaapapaaaapaaapppaaapapapappaaaaappapapapaaaaapaapaaaapaaaapaaaapapappppapaaapaapaaaaappapapappaaaapapaapaaaapaapaaapaappppapppaaapaapaaaaaapppapapppaaapaapaaaapapapaaaapaappppapappaapppppaaaapppaapapppaaapaapaaaapaaaaapaaappppppapppaapppapaaaaappppapapppaaapapapapaaaapaaappaaappppapppappppapappaapppappppppaaaappaapapaappapaaapaappppappppaappappappappppapapppaaapaapaaaaaapaaapppaaappppapppppppaappaappppppppapppaaappapaapaappppppppaaa
84,48,16,10,6,4,8,5,7,4,4,2,2,6,10,10,10,12,10,11,15,13,15,20,19,23,27,31,28,34,paaaaapaaapaaaaaaapaaaapaaaaaapaaapaaapapapaaaaapaaaaapaaaapaaaaaapaaaaapaaaaapaaapaaapapaapaaaapaaaaaapaapaaaaaaapaaaaaapaaaapaaaapaapapapaaaaapaaaaapapaaappaaaapaaaapaaaaaaapaaaapapaapaapaaapaaaaapaaaaaaapaaapaaaapaaaaaapaaapaaapapaaaapaappaaaapaaaaaaaapaapaaaapaaaaaapaaaaaappaappaaaaapapaaapapaaapaaapapaaaaaaappaaaapapaaapapppaaaaapaaaaapapapappaaaapaaaaaaaapaaaaappaaapapapaaaaapaaaaapapapapapaappaaaapaaapaapaaapaaaapappaaaaapaappappaapapapppappaaapaaapaapaapaaappapaaaaapapaaaaapapapapappaapapaappaappaaaappaappapaaaapaappapaapppapapppppppaaaappappaapaaaaaappaapaaaaappaapaapppppapppppppppaappapppppaaaaaappaappaaaaappppaapppppappppppppppappappaapaappaaapapppaapaapppppppapapapppppppppaappapppapaaapaaapaapaaapaapppppapppppapppppppppppppppppppaaapaaapapppaaaaa
85,51,16,10,9,5,6,5,6,4,4,5,4,3,10,10,11,11,11,12,13,14,17,18,26,27,29,29,33,33,paaaaaaaapaaaapaaaaapaaaapaaaaapaaapaaapaaaapaaapaaapaaaaaaaapaaapaaaaapaaaapaaaaaapaaapaaapaaaapaapaaaapaaaaaapaaaappaaaaapaaaapaaaapaaaaapapaaaapaaaapaaaapaaaaapaaaapaaaaaapaaaapaaaapapaaaapaapaapaaaaapaaaapaaaappaaaaapaaapaaaaapaaaaaapapaaaaapaapaaapaapaaaaaaaappaaapaaaaappaaaaapaaapaaaaaappaaaapaaapaaaaapaaaaappaaaapaaaapaaaapppaaapaaaaaappaaaapaaapaaaaaapaaaappaaapaaaaapaaaappaaaaapaaaappaapaaapaapapaappppaaaapaaappaaaappaaapapaaapaaaaapapapaapaaapaaapapaaaaappaaappaaaappaaappppaapaaappaaaapaaapaapaaapappppaapppaapppaaapppaapppapppaaaaaappapaapaaapappppppaaaappaaappaaaappapappppppppaaaaappaapaappapapppppppaaappaaapppppappppppppppapaaapapapaaaapaaapaappppppaaappapapppappppaaappppppppappaaapaaaaaaappaappppppppappaappppapappppppppppapaaaapapppaappaaapaapppppppppppappppppaappaappppppppaaapapppaaaaapaapaa
86,58,16,10,9,10,12,5,4,4,3,3,4,4,10,10,12,11,12,12,14,19,18,20,25,33,39,36,41,39,paaaaaaaapaaaaaaaaapaaaaaaaaaaapaaaapaaapaaapaapaapaaapaaaapaaaaaaaapaaaaaaaaapaaaaaaaaaaapaaaapaapaaaapaapaapaapaaaappaaaaaapapaaaaaaapaaaaaaaaaaaaapaapaaapaaaapaapaapaapaaapaaaaaaaapaaaaaaaaaaapaaaaaaaaaaaapapaaapaaappapaaaapaapaaaaapaaaaapaaaaaaaaapaapaaaaaaaaaapapapaapaaaapapaaaapaaapaapaaaaaaaapaaaaaaaapaaappaaaaaaapaaapaaaapaaapaapaaaappaaaappaaaaaaaaapaaaaaapaaapaaaaaaaapaapppaapaaaaapapaapaapaaapppapaaaapapppaaaaapaappaaaaaaaapapapaaapaaaapaaappaaaaaapapaapaaaappppaaaaaapaaapapaaaaappaaappaapaaaapapaaaapapaaappaaaaaaapapaaaaaaappaapppaaaaaapappppaapaaaapappaaapaapaappaappaaappppaaaaaapappappaaaaaappppppaapaaaapaapaappapaaapppapapaappppppppaapppapppppaaapppapppaapaaappaapaaapapaaapppapppaappppaaaapappppppppaaaappppppppapapaapppppppapppaappppppppppppppaaaaapppapppaaaaappppppppapapaapappaappapaaapppappppapppppapaaappppppppappappppppppappapapapapapapppaappppppapapppppaapappppppppapaapppppppppppaaaapaapapapppaaa
87,52,16,10,5,8,3,12,5,3,2,3,7,4,10,10,10,10,10,13,12,18,20,18,21,21,33,30,33,34,paaaapaaaaaaapaapaaaaaaaaaaapaaaapaapapaapaaaaaapaaapaaaaapaaaaaapaaapaaaaaaaaaapaaaaapapapaaapaaaaapaaapaaaaapaaaaaapaaapaaaaaaaaaapaaaaapapapaaaapaaaapaaaapaaaapaaaaaapaaaapaaaaaaaaapaaaaapapapaaaaapaaaapaapaaaaapaaaaaaapaaapaaaaaaaaapaaaapaapapaapaaaaaapaaapaaaaapaaaaaapaaapapaaaaaaaapaaaappapapaaapapaaapaaaapaaaaapaaaaaappappaaaaaaaaapaaaapaaappaaapaaaaaaapappaaaappaaaaappapppaaaaaaaaapppaappapapaaaapaaaapaaappaaappapaaaappaappappaaaaaapappaapapppaaaapaaaaaaappppaaappaaaaapapappaapaaaaaapappaaappapaaapaaaaaaaapppaaapppapaaapppappappppaaaapaaaapaapapaapaaaaaapaaappapaappaaaaappapppaapaapaaapapaappppapaaaaaapaapaaapppppppppappappppppaappppppapapppapapppaaaaapaaapaaappapappppappappppppappapaaappappppaapappapapaaaapaaappppappppappappppppaapppappappppaapppapaapapaaaappaapppapppppaappppppppappappapappppaapapapapappaapppaaa
88,56,16,10,6,8,6,6,8,3,5,8,4,2,10,10,11,10,12,14,15,14,18,22,23,25,27,31,35,39,paaaaapaaaaaaapaaaaapaaaaapaaaaaaapaapaaaapaaaaaaapaaapaapaaaaapaaaaaaapaaaapaaaaaapaaaaaapaapaaaaapaaaaaapaaapapapaaapaaaaaaapaaaaaapaaaaapaaaaaapaapaaaaaapaaaaapaaapaapaaaaaapaaaaaapaaaapaaaaapaaaaaaapaaapaaaapaaaaaapaaapaaaapaapaaaaaaappaaaapapaaaapaaaaaapaaaapaaaaapaaaapaaapaappaaaaappaaaapppaaapaaaaaapaaaaaapaapaaaaapaaaaaaapaapappapaapapaaaaapaaaaapaaaaappaaaaaapaaaaapaapaapaaaaapapapaaaaapappaaaaaapaaapapaaaapaaaaaapaapaaaaaaaaappapaaapappapaapaappaaappaaaapappaappaaaaaapaaapaaaaaaaaaappaaapappaapappppaaaappappapapppappaaaaaaapapaaaaaaaaaapaaaappapppppapappaaaapppaaapappaappppaaaapaaaaapaaaaaaaappaaapapppppapapppaaappaapappppaappaaaaaapaaapaaaapapaaaapaappappppppppppppaappaaapppppaappaaaaaapaaaaaapaaapaaaapaaappppppppppppapaappppppppppaappppaaaapaaaapaaapaaaaaapapapapppppappppppaapppapppppppapppppppapaaapapaaaaaapappaaapappppppppppppppppppppppppppppppaaapaappaapaaaaaappapaaapp
89,45,16,10,6,6,4,3,8,4,4,3,5,2,10,10,10,10,13,11,13,13,13,17,14,21,22,26,29,30,paaaaapaaaaapaaapaapaaaaaaapaaapaaapaapaaaapaapaaaaapaaaapaaaapapaaaaaaapaaapaaapaaapaaaapapaaaapaaaaapaaaapapaaaaaaapaaapaaaapaapaaapaaapaaaapaaaapaaapaaapaaaaaaapaapaaaapaaapaapaapaaaaapaaaapaaaapappaaaaaapaaapaaapaaappaappapaaaapaaaaaapaaapapapaaaaapaaapaaapaaaaapapaapaaaappaaaapaaaapaappaaaaapaaappaaapaaapaapaapaaaappaaaapapaapappaaaaaapaaapaaapaaapaaaapapapaaapaaaapaaappaapaaaaaaapaaaapapaaaaappapppppaappaaaapapappappaaaaaapaaaaaappaaaapaapaapaaaappaaaapaaaapappapaaaapaaapaaaapaaapaapppppapappaaaapppappappppaaaaaapaapaaapaaaapappappaaappaaaapppappapppppaaapaappaaappaappaapapppppappppaapppappappppapaapaaapaapapaappaapappppppppppaapppappappppapaapaappaaapppaappapapppppappapppppppppppppppapppaaapaaapaappaaapa
90,45,16,10,3,5,4,6,7,4,4,4,3,5,10,11,10,12,11,11,12,16,14,15,17,16,23,22,22,29,paapaaaapaaapaaaaapaaaaaapaaapaaapaaapaapaaaapaapaaaappaapaaaaaapaaaaapaaaapaapaaaapapaaaaapapaaaapaaaapaaaapaaaaaapaaaapaapaaapaaapaaapaaappaapaaappaaaapaaaaaaapaaaapaapaapaaaapaaapaapaaapaaapaaaaapaaaaaaappaapaaaapapaaapaaapaapaaaapaaappaaaapaaaaaaapaaapaaapaapaaapaaapaapaaaapaaapaaaaapapaaaapaaappaaaapapaaaapaappappapappaappaaaappaaaaaapaaapaapaaapaaapaaappappaaappaapaaaaappaaaaaapaapaaaaaappaaapaaappappaaappaapppaaapaaaaaaapaaapaapaaapaaaaapappapppaappaapaaaaappapaaaapaaapappaaapaaaaapappapppaappaapaaaaapppaaaaapaaapaaaapaapaaapaappapppapppaappppaapppapaappaaapapaapapaaapaaappapppaappaappappapppaapappaapaaapaaapapaaaapppapppapppaappapaappppaaappaaapaapaaapaappaaappppppaappppppapapppppaapppapapaapapppaaapapa
91,57,16,10,6,9,5,5,11,9,1,4,3,4,10,10,10,11,12,14,18,18,22,24,25,31,31,35,35,40,paaaaapaaaaaaaapaaaapaaaapaaaaaaaaaapaaaaaaaappaaapaapaaaapaaaaapaaaaaaapaaaapaaaaapaaaaaaaaaapaaaaaaappaaapaapaaaapaaaaapaaaaaaaapaaaapaaaaapaaaaaaaaaapaaaaaapapaapaapaaaapaaaaapaaaaaaappaaaapaaaaapaaaaaaaaaaapaaaaapapaapaaapaaaapaaaapaaaaaaaappaaapaaapapaaaaaaaaaapaaaaaappaaapaaapaaaappaapaaaaaaaaaaapaappaaaappaaaaaaaapaaaaaaapappapaapaaaaapaaappppaaaaapapaapaaaappaaaaaaaaaaaappaaaappaapppaaapapppapaapaaaaaaappaaapppaaaapappaaaaaaaaaapaaappaaapaaaapappppaappaaaaaaapaaaaapaaaapppappppaaapaapapaappaaapaapaaapppaaappapaaaaapppaappapapapppaaaaaaaapaaappapapaaapaapapppppaappaappaaapppaapppppaapaappaaaaaaaapaaaappaaapaaapapppppaappappapaapppaappppappppaappaaaaaaappaaapappapaapppapppppappappaapapppaappppappppapaapaaapaaaaaappapappaappaapppppappppapapappppappppappppppppaaaaaapaaaaapppaapaappappppppappapaaaaappppappppapppppppppaaapaaaaapappaaapapppppppppppppappaapppppppppppppppppppppppaaapaaaaapppaapaappaa
92,52,16,10,5,7,7,8,7,4,3,4,4,3,10,10,12,10,11,13,14,12,16,25,24,23,31,29,34,35,paaaapaaaaaapaaaaaapaaaaaaapaaaaaapaaapaapaaapaaapaaapaaapaaaaaapaaaaaaapaaaaaaapaaaaapaaaapaapaapaaaapapaaaapaaaaaaapaaaaaaapaaaaaappaaaaapaapaapapapaaapaapaaaapaaaaaapaaaaaaapaaaaaapaaaaaapaaapaapaaapaaapaaapaaapaaaaaapaaaaaaaaappaaaaaapaaapaaapaapaaapaaapaaapaaappaaaaapaaaaaaapapaaaappaaaaapaaaapaapaapaaapaapaaaapaaaaaapappaaaapapaaaaappaaaapaaaapapaaapaaapaapaaaapaaaaaapaaapaaapapaaaaaapaaaapaaapaapaaapaaapaappaaapapaaaapaaapaaapappaaaappaaaapaaapaapaaapaaapaappaaappppaaapapppaaapappaaapppapaaapaapaappappaaapappaaaapppaaaappaapaaappppaaappppppapaaapaappaapaaappapppaapppaaaapapapaaappppaaapppappaaapaapaapaapaaaapappaaappppppppappppappppaaaappppppaaaappaappaappaapaappaaappppppapaaapaappppppaappppppappaapapapaapaaapaapppppppppapapppppappppppaaappppppppaaapaapaaapapapaapppaappppapapppppaapppppappppppppappaapaappaapapppaa
93,44,16,10,8,5,6,7,4,4,2,2,4,2,10,10,10,11,11,13,13,13,18,21,22,25,26,27,29,34,paaaaaaapaaaapaaaaapaaaaaapaaapaaapapapaaapaapaaaaaapaaaaapaaaaapaaaaapaaapaaapapaapaapaaapaaaaaapaaaapaaaaaapaaaapaaaapaaappapaaapaaapaaaaapaaaaapaaaaaapaaaapaaaapaapapappaapaaapaaaaaapaaaapaaaaaapaaaapaaapaaapapapaaappaappaaaapaaaaaapaaaaappaaappaaapaapapapaaapaaaaapaaaapaaaapaaaaaappaaappaaapaapapappaapapapaaaaaapaaaaapaaapppaaaapaaapaaapapapaaaapppppapaappaaaappaaaaappaaapaaaapaappappaaapappppaaaapppaapppaaapappaaapppapaaapapapaaaapappapapapppaaappaaapppppaapapaapaapapapaaapppppapappppapaappaaapappaaapppappaapapapapapppppppapapppaaapppaappppaaapppaappapapapaappapppppapapppappppapapapppaapppapaappapapaaapapppppapappppaappppappppaaappppppaapapppaaaappppppappppppppppaapppppppppppappaapappppaapa
94,48,16,10,3,4,2,6,6,4,5,8,6,4,10,10,10,12,10,11,11,16,18,20,24,20,25,25,25,28,paapaaapapaaaaapaaaaapaaapaaaapaaaaaaapaaaaapaaapaaapaapaapaaaaapaaaaapaaapaaaapaaaaaapaaaaaapaapaaapaapaapaaaaaapaaaapaaapaaaapaaaaaaapaaaaaapapaapapppapaaaaapaaaaapaaaaapaaaapaaaaapaaaaaaaapapaaaappapaaaaaaaapaapaaapaaaaaaapaaaapaaaaaaaapaapaapppapaaaaaaaapaapaaaaaapapaaaaaaapaaaaaaapaapppaaapapaaaaapaaaaapaaapaaaaaaaapaaaaapaaaaaapppppaappappaaaapapaaaappapaaaaaaaaapaapaaaaaaaapppppppppapppaaapapaaapaaapaaaaaaaapaaaaaapaaaapaapppppppappapaapapaaapappapaaaaaaapaaapaaaaapaappppppppppppappppapapappaapaaaapaaaaaaapaaapaaaapppppppppappapaapppaaaapaapaaaapaaaaaaapaaaaaapapppppppppppppppppppapapaaaapaaapaaaaapapaaaaaaaapppppppppappappapppppaaaappppaaaaaaaaapaaaapaaappppppppppapppppapppppaapappaaapapaaaaaaaaaaapaaapppppppppppppppappppppaapaaaaapppaaaaaapaaapaaapp
95,52,16,10,8,8,7,6,5,2,4,4,2,6,10,10,10,10,11,10,14,17,18,19,22,29,28,30,32,36,paaaaaaapaaaaaaapaaaaaapaaaaapaaaapapaaapaaapapaaaaaapaaaaaaapaaaaaaapaaaaaapaaaaapaaapaapaapaaaapapaaaaapaaaaaaapaaaaaaapaaaaapaaaaaapaaapaapaaapaapapaaaaapaaaaaaapaaaaaaaaapaaaaapaaaapaaaapaapaaaapapaapaaaapapaaaaapaaaaaaaapaaaaapaaaaapaaaaapapaaapaapaaapaaaapaaaaaapaaaaaaaapaaaaapaaaaapaaaaapaapaapaaapaaapaaaaapaaaapappaaaaapaaaaaappaaapaaaappaaappaaaapapaaaaapappaaappaaaaaaapppaaappaaaapapaapaapaaapaapapaaaaappaaaaaapapapaaaapapaaappapaappaaaapaapaapaapaapaapappppaaaappaapaaappppaaapaaaaappaaapaaapapaaapaaaapaappppapaapapappaaappapaappaaaappaaapapaaapaaapaapaapappapaapapppapppappppaaappaapapppaappapapppappaapaaaappapappapppappaappppapappaapapppaapaapaapaaapappapaappppaaaapppppppappppaapppappapppaaappaaappaapppaaaaappppapaapppppaappppppaapppppapppaaapaapappaappapaaapppppaaappppappppppppppapppapppppppppaaapapaappapapaa
96,53,16,10,7,7,7,4,8,4,4,3,6,3,10,11,10,11,11,13,16,13,21,18,22,26,31,31,35,38,paaaaaapaaaaaapaaaaaapaaapaaaaaaapaaapaaapaapaaaaapaaapaaaaaappaaaaapaaaaapaaaapaaaaaapaaaapaapaaapaaaapaaapaaaaaaaapaaaaapaaaapaaaaapaaaaapaaaapaapaaaapaaaapapaaaaaaaaapaaapapaaaapaaapaaaaaaapaaaapaaapaaaapaaapaapaaaaapaaaaaapaapaaapaaaapaaaaaapaaaapaapaaaaaapaapappaaaaaaappaaapapaaaapaaaapaaaaaaapaaaapapaaaaapaapaapppaaaaaaapaaapapapaapaaapappaaaapaaaapaapaaaaaapapaapaaaaaapappaaapaaaaaapaaaaapapaaapaaaapaapaapaaaaaapapppaaaaaapapaapapapaappaapppppaaapaaaapaaapppaaaaapaapppaaaaaappaaapaaapaapapappapapaapaaaapaapaapaaaaaapappaaaaapapppaapapapaapapapppppaaaaapaapaapaaapaaaappappapaaapapppaapapapaapppapppapapapaaaapappapaapaaappappppaaapppppaapapappapppapppppapapaapapppppaaaapaaapapppappapppppaapapappapppapppppapapaaappaappapaapaaapapppppaappppppppapappapppappppppappaaaapaapppaaaaappppppppppppapppaappppppppppppppppapappapppaapappaaaaaapp
97,46,16,10,6,7,4,6,4,4,2,3,6,4,10,10,10,12,11,12,11,13,15,18,20,20,23,25,32,24,paaaaapaaaaaapaaapaaaaapaaapaaapapaapaaaaapaaaapaaaaapaaaaapaaapaaaaaapaapaaapapaapaaaaapaaaapaaaapaaaaaapaaapaaaaaaapapaaapapaaapaaaapaaaaapaaaapaaaaappaapaaaaapapaapaapapaaapaaaapaaaapaaaapaaaaaapaaapaaaaapaaaaapapapaappaaaaapaaapaaaapaaaaaapaaappaaaapapapaaapaapaapaaaapaaaaappaaaapaaaaapaapaaaaapaaaapaaapaapapaaaapaaappaaaapapaaaapaaapaaaaapapapaaapapaaapaaaapaaapppaaaapppaaapapapaaaaapaaaapaapapaaapaaaapaaapppaaappaaaaapppppaaaaapppaapaapapaaapaaaapaaapppaaapppppaapapppaaaaapppapaaapapaaaapaaaaapappppaappppaaapppppaaaaapapapaaapapaaapaaaaapaappppaappppaaapppapppaaapppaapapappaapaaaaaaaappppppapppaapappppppapaapapappaapapaapaapaapaaapppppppppppapppppppaappppppapaapppaapaappapaaapppppapppppaapppppaaaaapppaaapapaapapaaaappaaa
98,49,16,10,7,6,3,5,4,5,5,4,5,5,10,10,10,10,10,10,14,13,16,14,21,23,23,28,26,31,paaaaaapaaaaapaapaaaapaaapaaaapaaaapaaapaaaapaaaaapaaaaapaaaaapaapaaaapaaaapaaapaaaaapaapaaaaapaaaapaaaaapaaaaapaapaaaapaaaaapaapaaaaaapaapaaaaapaaapaaaaaapaaaapaapaaaapaaapaaaaapaaaaapapaaaaaapaapaaaaaapaaaaapaaapaaapaaapaaaaapaaapaaaaapaapaaaapaaaaaapaaaaapaapaaaapaaapaaaaaapaaaapaaapaaaaapapapaaaappppaapaapaaaapaaapaaaaaapaapaaaapaaapaaaapapaaaapaaaaapaapppaapaaapaaaaaapaapaaapaaaaaapaappppaaapppaaapaappaaapaaapaaaaapaaapaaaaapaaaaaapppaaaaaappaaapaappaaapaaapaaaaapapaaapaaaapaaapaapppaaaappappappapppaappaapaaaaapaaaaaappappapaaaapppppaappppaapppppaaapaaapaapaaapaapapapaaaapapaappppapapppppapaapppaappaapaaapaapaaaapaaaapappaaappppapapppppappappapapapapaaaapapapppaappaappapaappppappppppaappappppppaaapaaaapaaappaaapaaaapapappppppppppppapppappppappappaaaapaaappapapapaappaap
99,59,16,10,8,7,6,11,6,3,5,6,3,4,10,10,10,10,10,14,16,18,23,22,24,27,34,39,41,42,paaaaaaapaaaaaapaaaaapaaaaaaaaaapaaaaapaapaaaapaaaaapaapaaaapaaaaaaapaaaaaapaaaaapaaaaaaaaapaaaaaapaapaaaapaaaapaapaaapaaaaaaaapaaaaaapaaaaaapaaaaaaaapaaaaapaapaaaaaapaaapaapaaaaapaaaaaaapaaaaapaaaaapaaaaaaaaaapaaaapaapaaaaaapaaaapaapaaaapaaaaapaaaaaaapaaaaaaapaaaaaaaapaaaaapaapaaaapaaaaapaaapaaapaaaaapapaaaapaaaaaappappaaaaaapaaaaaapapaaapaaaaaapapaaapppaaaaapappaaaapaaaapaaaaapaaaapaaaaaapapaaaaapaaaapaapaappapaaaaapppppaaapppaaaaaapaaaaaappaaaapaapaaaaapaaaapaapaaapapaaaaapppaaaappapaapppapaapaaappppaaapaappaapaaaaaapapaaapppaaaaappppaaappapaapapapaapaaapaapaaapappaaaaapaaapaaaapapppaaaaappppaaaapppaaaapapaappaappppaaapaapaaapaaaaapaappaapppaaaaappppaaaapappappappppaaaappppaapaapaapaaaapaapappaaapppppaaappppaaappapaapppppapppaappppaaapappaaaappappapapapapppappaappapapappappapppppappppppppppapppapaapapppaapaappaapppapppappppaaappppppppppppppppappppapappppaaaappapapaaappapppappapppppppppppppappppppppppppppppappapaaapaapaaappapaaa
100,45,16,10,9,7,5,4,5,3,2,3,3,4,10,11,11,10,12,10,12,12,14,14,15,21,22,25,25,30,paaaaaaaapaaaaaapaaaapaaapaaaapaapapaapaapaaaapaaaaaaappaaaaapaaaaapaaapaaapaapapaapaapaaaapaaaaaaapaaaaaappaaapaaaaapaapaapapaapaapaaaapaaaaaaaapaaaaapaaaapaaapaaaaapapapaapaaapaapppaaaaaapaaaaaapaaaapaaapaaaapaapapaapaapaaaapaaaaaaapaaaaaapaaaapaaapaaaapaapapaapaapaaaappaaaaaappaaaaapaaaaaapapaaaapaapaapapaaaapaaaapaaaaappaaaaapaaaapapapaaaapaapapaapaapaaappaapaaaapaaaaaapaaaapppapaaaaapapapaaapapaaaapaaaaaaappaaaaapapaappaappaaapaapapaapaapaaaapaapaaaappaaaaapapaapapappaaapaapapaapaaaaapppapapaaapppaaaapapaapppappaaapaapapaapappapappaapapaappaaaaapappappppppapapaapapaapaapapapppppapaappapaaapppaapppapppappappapaapaapaaapppppappappaaaaapppappppappapappapaaappaaaapapppppapapppaappppppaapppapppppppapppaapaapaaa
