K,sample_ID,S,H,no_spp_niche_0,no_spp_niche_1,no_spp_niche_2,no_spp_island_0,no_spp_island_1,no_spp_island_2,no_spp_island_3,no_spp_island_4,no_spp_island_5,no_spp_island_6,no_spp_island_7,no_spp_island_8,no_spp_island_9,no_spp_island_10,no_spp_island_11,no_spp_island_12,no_spp_island_13,no_spp_island_14,no_spp_island_15,presence_absence_matrix_cols_isles_concatenated
3,1,54,16,11,22,21,3,3,5,8,6,14,16,20,25,30,29,36,37,43,47,48,paaaaaaaaaapaaaaaaaaaaaaaaaaaaaaapaaaaaaaaaaaaaaaaaaaaapaaaaaaaaapaaaaaaaaaaaaaaaaaaaaaapaaaaaaaaaaaaaaaaaaaapaaaaaaaaappaaaaaaaaaaaaaaaaaaaaappaaaaaaaaaaaaaaaaaapappaaaaaaapapaaaaaaaaaaaaaaaaaaappapaaaaaaaaaaaaaaaaaapaapaaaaaapaaaaaaaaaaaaaaaaaaaaapppaaaaaaaaaaaaaaaaaaappppaaaaaapppppaaaaaaaaaaaaaaaaappapppaaaaaaaaaaaaaaapppapaaaaaappappaaaaaaaaaaaaaaaaapppppapppaaaaaaaaaaaapppappaaaaapppppppaaaaaaaaaaaaaaapppppaapppaaaaaaaaaaapppppaaaaaappppppappaaaaaaaaaaaaappppppppppppaaaaaaaaappppppaaaaapppppppapppppaaaaaaaaapppppppppppapaaaaaaaapppppppaaaapppppppappappaaaaaaaaappppppppppaapaaaaaaaapppppppppaappppppppppaappppaaaaaapppppppppppppaaaaaaaapppppppaaaappppppppppppppaappaaaappppppppppppppaaaaaaapppppppapaapppppppppppppppapppppapppppppppppppappaaaaappppppppppapppppppppppppppppapapppppppppppppppappppaaappppppppppppppppppppppppppppaappapppppppppppppappaappp
3,2,71,16,30,17,24,3,3,5,7,11,19,20,23,33,36,37,43,45,54,56,67,paaaaaaaaaaaaaaaaaaaaaaaaaaaaapaaaaaaaaaaaaaaaapaaaaaaaaaaaaaaaaaaaaaaapaaaaaaaaaaaaaaaaaaaaaaaaaaaaapaaaaaaaaaaaaaaaaapaaaaaaaaaaaaaaaaaaaaaaapppaaaaaaaaaaaaaaaaaaaaaaaaaaapaaaaaaaaaaaaaaapaaaaaaaaaaaaaaaaaaaaaaaaaappaaaaaaaaaaaaaaaaaaaaaaaaapaaaaaaaaaaaaaaaapapppaaaaaaaaaaaaaaaaaaapappappaaaaaaaaaaaaaaaaaaaaaaapapppaaaaaaaaaaaapaaaapaaaaaaaaaaaaaaaaaappppaaapppppaaaaaaaaaaaaaaaaaapappaaaaaaaaaaaaapappppppaaaaaaaaaaaaaaaappppaapaapppppaaaaaaaaaaaaaaaapappapaaaaaaaaaaapappppapaaaaaaaaaaaaaaaappapappappaappaaaaaaaaaaaaaaaapappppaaaaaaaaaaapappppppppaaaaaaaaaaaaaappppappappappppaaaaaaaaaaaaaaappppappaaaaaaaaaapppppppppppppppaaaaaaaaappppappappppppapppaaaaaaaaaaaappppapaaaaaaaaaaappppppppppppppappaaaaaaappppappapppppppaaapaaaaaaaaaaappppppapaaaaaaaaappppppppppappppaappaaaaapppppppppppppppaaaapppaaaaaaaappppppaapaaaaaaaapppppppppppppppaapappaaappppppppppppppppapppaapaaaaaaappppppaapppaaaaaapppppppppppppppaaaaapaaapppppppappppppppppppppppaaaaaappppppapppappppaappppppppppppppppaaapapaappppppppppppppppapppappppppaaappppppapppaapaapappppppppppppppppppappaaappppppppppppppppppppppppppapppppppppapppppappappppppppppppppppppppppppp
3,3,66,16,18,24,24,3,4,3,6,8,8,18,26,27,33,36,47,48,49,55,60,paaaaaaaaaaaaaaaaapaaaaaaaaaaaaaaaaaaaaaaapaaaaaaaaaaaaaaaaaaaaaaappaaaaaaaaaaaaaaaaapaaaaaaaaaaaaaaaaaaaaaaapaaaaaaaaaaaaaaaaaaaaaapaaaaaaaaaaaaaaaaapaaaaaaaaaaaaaaaaaaaaaaapaaaaaaaaaaaaaaaaaaaaaaappaaaaaaaaaaaaaaaapapaaaaaaaaaaaaaaaaaaaaapapaaaaaaaaaaaaaaaaaaaaappaaaaaaaaaaaaaaaappappaaaaaaaaaaaaaaaaaaapapaaaaaaaaaaaaaaaaaaaaapppaaaaaaaaaaaaaaappaaapaaaaaaaaaaaaaaaaaapaapaaaaaaaaaaaaaaaaaaaappppaaaaaaaaaaaaaapppapppppaaaaaaaaaaaaaaappaappppaaaaaaaaaaaaaaaappppppaaaaaaaaaaaappapppppppppaaaaaaaaaaaappppaapppppaaaaaaaaaaaaappppaappppaaaaaaaapppappapappapaaaaaaaaaaapppppapppappaaaaaaaaaaaapppppapaaapaaaaaaapppappppppappppaaaaaaaaapppppapppapppppaaaaaaaaapppppappaapaaaaaaappppppppappappppaaaaaaaappppppppppapppapaaaaaaaapppppappppppppaaaappppppppppppppppaaaaaaaappppppppppppppappppaaaaappppppppppppappaaapppppppppppppppaaaaaaaaappppppppppppppappaapppaappppppppppppapaaaapppppppppppppppapppaaaaappppppppppppppapapappaaappppppppppppappaaapppppppppppppppppppppaaappppppppppppppppapappapappppppppppppapppppppppppppppppppppppaaapppppppppppppppppapppappppp
3,4,61,16,20,17,24,3,4,3,7,11,13,14,21,27,28,32,38,44,44,49,55,paaaaaaaaaaaaaaaaaaapaaaaaaaaaaaaaaaapaaaaaaaaaaaaaaaaaaaaaaaapaaaaaaaaaaaaaaaaaappaaaaaaaaaaaaaaaapaaaaaaaaaaaaaaaaaaaaaaaapaaaaaaaaaaaaaaaaapaaaaaaaaaaaaaaaapaaaaaaaaaaaaaaaaaaaaaaappapaaaaaaaaaaaaaaaapapaaaaaaaaaaaaaapapaaaaaaaaaaaaaaaaaaaaapppappaaaaaaaaaaaaaapaappaaaaaaaaaaaappapaaaaaaaaaaaaaaaaaaaapppppaaaaaaaaaaaaaaapapaappaaaaaaaaaappppaaaaaaaaaaaaaaaaaaaapppappppaaaaaaaaaaaappppaapaaaaaaaaaappaaaaaaaaaaaaaaaaaaaaaappppppappppaaaaaaaaappppappaaaaaaaaaapppppaaaaaaaaaaaaaaaaaaappppppappppppaaaaaaappppppppaaaaaaaaappppapppaaaaaaaaaaaaaaaappppppappappppaaaaaapppppppppaaaaaaaappppaapappaaaaaaaaaaaaaapppppppppapapppppaaappppppppaaaaaaaaappppappppapaaaaaaaaaaaaapppppppppapppppapaaappppppppapppaaaaappppppppppappaaaaaaaaaaappppppppppppppapapaappppppppppappppaappppaappppappppppaaaaaaapppppppppppppppaaapapppppppppappapapapppppappppapppppapaaaaaappppppppppppppppapaapppppppppppppapppppppppppppappppaaappaaaapppppppppppppppppppppppppppppppppappappppppppppapppppaaappppp
3,5,69,16,29,17,23,3,4,3,7,10,11,17,20,30,32,35,39,44,50,61,64,paaaaaaaaaaaaaaaaaaaaaaaaaaaapaaaaaaaaaaaaaaaapaaaaaaaaaaaaaaaaaaaaaaapaaaaaaaaaaaaaaaaaaaaaaaaaaaappaaaaaaaaaaaaaaapaaaaaaaaaaaaaaaaaaaaaapaaaaaaaaaaaaaaaaaaaaaaaaaaapaaaaaaaaaaaaaaaapaaaaaaaaaaaaaaaaaaaaaapappaaaaaaaaaaaaaaaaaaaaaaaaappaaaaaaaaaaaaaaaaappaaaaaaaaaaaaaaaaaaappaapaaaaaaaaaaaaaaaaaaaaaaaappapaaaaaaaaaaaaapppapaaaaaaaaaaaaaaaaaapppaapaaaaaaaaaaaaaaaaaaaaaaappapaaaaaaaaaaaaapppaapaaaaaaaaaaaaaaaaappappapppaaaaaaaaaaaaaaaaaaaappappaaaaaaaaaaaapppppapaaaaaaaaaaaaaaaapppappaapppaaaaaaaaaaaaaaaaaappppapaaaaaaaaaaapppppappaaaaaaaaaaaaaaapppppapppppppaaaaaaaaaaaaaaaappppppppppaaaaaaappppppaappaaaaaaaaaaaaapppppaappppapppaaaaaaaaaaaaaappppppppppaaaaaaapppppppaapppaaaaaaaaaaappppppppppppaaapaaaaaaaaaaaaapppppaapppaaaaaaapppppppapppappppaaaaaaapppppppppppppapppppaaaaaaaaaapppppappappaaaaaapppppppaappapaappaaaaaappppppppppppppppppppaaaaaaaaappppppppppppaaaaapppppppaappaapappaaaaaapppppppppppppppppppapppaaaaaappppppppppaapaaaappppppppppppppapppaaaaappppppppppppppppppppppapppaaappppppppppppappaappppppppppppppppppppppappppppppppppppppppppppappapppppppppppppppppppppppppppappppppppppppaap
3,6,57,16,16,18,23,4,4,7,5,10,15,24,25,29,31,37,38,38,46,45,54,ppaaaaaaaaaaaaaapaaaaaaaaaaaaaaaaapaaaaaaaaaaaaaaaaaaaaaapapaaaaaaaaaaaaaapaaaaaaaaaaaaaaaaapaaaaaaaaaaaaaaaaaaaaaappaaaaaaaaaaaaaappaaaaaaaaaaaaaaapappaaaaaaaaaaaaaaaaaaaappaaaaaaaaaaaaaapaaaaaaaaaaaaaaaappaaaaaaaaaaaaaaaaaaaaaappaaaaaaaaaaaaappppaaaaaaaaaaaaaapaapppaaaaaaaaaaaaaaaaapppaaaaaaaaaaaaapppppaaaaaaaaaaaaappapappppaaaaaaaaaaaaaapppppaaaaaaaaaaappppppppppaaaaaaaappppaapappppaaaaaaaaaaappppaaaaaaaaaaaappppppppaaaaaaaaaapppppppppppappaaaaaaaaapppppaaaaaaaaaaappppppppppppaaaaaapppppppppppaaapaaaaaaaappppppaaaaaaaaaapppppppppppapaaaaapppppppppppapaapaaaaaaappppppppaaaaaaaappppppppppppapaaaapppppppppppppaapppaaaaappppppaapppaaaaappppppppppppapaaaapppppppppppappppaapaaaappppppaapappaaaappppppppppppapaaaapppppppppppppppaapaaaaapppppppppappppaapppppppppppppppaaappppppppppppppppapapaaappppppppppppappappppppppppppppaaaappppppppppppppppapaaaaapppppppppapappppppppppppppppppppppppppppppppppppppapppppp
3,7,70,16,20,26,24,3,4,8,8,9,14,20,32,35,39,42,47,48,56,60,67,paaaaaaaaaaaaaaaaaaapaaaaaaaaaaaaaaaaaaaaaaaaapaaaaaaaaaaaaaaaaaaaaaaaapaaaaaaaaaaaaaaaaaaappaaaaaaaaaaaaaaaaaaaaaaaapaaaaaaaaaaaaaaaaaaaaaaappaaaaaaaaaaaaaaaaapappaaaaaaaaaaaaaaaaaaaaaaaapppaaaaaaaaaaaaaaaaaaappaaaaaaaaaaaaaaaaaapapaaaaaaaaaaaaaaaaaaaaaaaapapappaaaaaaaaaaaaaaaaaapappaaaaaaaaaaaaaaapppaaaaaaaaaaaaaaaaaaaaaaappapaaaaaaaaaaaaaaaaaaaapppppppaaaaaaaaaaaaapapappaaaaaaaaaaaaaaaaaaaaaappaaapaaaaaaaaaaaaaaaapppppaaaaaaaaaaaaaaapppppappaaaaaaaaaaaaaaaaaappppaapapppaaaaaaaaaaaaapppppppppppaaaaaaaaapppppapppppaaaaaaaaaaaaaaapppppppppaappaaaaaaaaaaapppppaappappaaaaaaaapppppapppapppppaaaaaaaaaaapppppppppppaappaaaaaaaaapppppapppppaaaaaaaaapppppapppppaapppaaaaaaaaaapppppppppppapppppaaaaaaappppppppppppppaaaaaapppppapppappappaaaaaaaaaaappppppppppppppppaaaaaaaapppppppppappppaaaaaappppppppppppappppaaaaaaaaapppppppppppappapppppaaaapppppppppppppapaaaaappppppppppppapppaaaaaaaaaapppppppppppppppppappaaaapppppppppppppppppaaappppppppppppappppppppaaaaappppppppppppppappapppaaapppppppppppppppapppappppppppppppappppppppppaaapppppppppppppppppappapaapppppppppppppppppppppppppppppppppppppppppapppppppppppppppppppppaappppp
3,8,68,16,23,25,20,3,3,3,11,14,12,18,20,30,35,38,42,52,54,59,64,paaaaaaaaaaaaaaaaaaaaaapaaaaaaaaaaaaaaaaaaaaaaaapaaaaaaaaaaaaaaaaaaaapaaaaaaaaaaaaaaaaaaaaaapaaaaaaaaaaaaaaaaaaaaaaaapaaaaaaaaaaaaaaaaaaaapaaaaaaaaaaaaaaaaaaaaaapaaaaaaaaaaaaaaaaaaaaaapaaaaaaaaaaaaaaaaaaaaapppaaaaaaaaaaaaaaaaaappapaaaaaaaaaaaaaaaaaaaaapappppaaaaaaaaaaaaaaaappapppaaaaaaaaaaaaaaaappppaaaaaaaaaaaaaaaaaaaapppaaappaaaaaaaaaaaaappapaapaaaaaaaaaaaaaaapappapaaaaaaaaaaaaaaaaaaappaaaapapaaaaaaaaaaaapppppaaaaaaaaaaaaaaaaappppaappaaaaaaaaaaaaaaaaapppaappppaaaaaaaaaaaappppaapppaaaaaaaaaaaaappppaaaapppaaaaaaaaaaaaaapppapppaaaaaaaaaaaaaappppppppapppaaaaaaaaaappppaapappapppaaaaaaaaaaapppppppppaaaaaaaaaaaappppappapppapppaaaaaaapppppappppapapaaaaaaaaaaappppppppppppaaaaaaaaappppppppapppaappaaaaaappppppppppppapaaaaaaaaaaapppppppppppapaaaaaaapppppppppapppappppaaaaappppppppppppappaaaaaaaaaappppppppppppaaaaaaaapppppppppapppppppppppaappppappppppppppppppaaaaaapppppppppapappppaaaappppppppppppppppppapappppppppppppppppappaappaaaapppppppppppppaappaaappppppppppppppppppaappppppppppppppppppppppappaaappppppppppppppapappappppppppppppppppppppppppppppppppppppppppapapapppppppppppppppppppappp
3,9,69,16,21,23,25,3,4,6,4,10,11,13,25,27,30,36,46,51,53,60,60,paaaaaaaaaaaaaaaaaaaapaaaaaaaaaaaaaaaaaaaaaapaaaaaaaaaaaaaaaaaaaaaaaaapaaaaaaaaaaaaaaaaaaaapaaaaaaaaaaaaaaaaaaaaaappaaaaaaaaaaaaaaaaaaaaaaappaaaaaaaaaaaaaaaaaaapppaaaaaaaaaaaaaaaaaaaapaaaaaaaaaaaaaaaaaaaaaaapapaaaaaaaaaaaaaaaaaaapaaaaaaaaaaaaaaaaaaaaaapaaaaaaaaaaaaaaaaaaaaaaapppaaaaaaaaaaaaaaaaaaappppaaaaaaaaaaaaaaaaaaapappaaaaaaaaaaaaaaaaaaaapappaaaaaaaaaaaaaaaaappapapaaaaaaaaaaaaaaaaaapapppaaaaaaaaaaaaaaaaaaapppaaaaaaaaaaaaaaaaaapppaaappaaaaaaaaaaaaaaaappapppaaaaaaaaaaaaaaaaaappppppppaaaaaaaaaaaaapppppaapppaaaaaaaaaaaaaapppppppppaaaaaaaaaaaaaaappppappappaaaaaaaaaaapppppappaapppaaaaaaaaaaappppppaaapppaaaaaaaaaaaappppppppaaaaaaaaaaaaapppppppppapppaaaaaaaaaaapppppppaaapppaaaaaaaaaaappppappapaaaaaaaaaaaapppppppppppappppaaaaaaapppppppppaappapppaaaaaaaappppppppappppaaaaaaaapppppppppppppppppppaaaaappppppppppppppaapaaaaaaappppppppppapppaaaaaaapppppppppppppppppaappaappppppppapppppppppppaaaaappppppppppappapaaaaaapppppppppppppppapppapaapppppppppppppppappppppaaappppppppppppppappppaapppppppppppppppppappppappppppppppppppppppppaapaapppppppppppppaappaappppppppppppppppppppppaapppppppppppppppppppapapapp
3,10,71,16,17,28,26,3,3,6,9,11,17,17,22,27,36,41,40,51,51,60,64,paaaaaaaaaaaaaaaapaaaaaaaaaaaaaaaaaaaaaaaaaaapaaaaaaaaaaaaaaaaaaaaaaaaaapaaaaaaaaaaaaaaaapaaaaaaaaaaaaaaaaaaaaaaaaaaapaaaaaaaaaaaaaaaaaaaaaaaappaaaaaaaaaaaaaaapapaaaaaaaaaaaaaaaaaaaaaaaaapapaaaaaaaaaaaaaaaaaaaaaaapppaaaaaaaaaaaaaaaapppaaaaaaaaaaaaaaaaaaaaaaapappaaaaaaaaaaaaaaaaaaaaaapppaaaaaaaaaaaaaaappappaaaaaaaaaaaaaaaaaaaaaapapappaaaaaaaaaaaaaaaaaaaappppppaaaaaaaaaaapppppappaaaaaaaaaaaaaaaaaaaapppapaaaaaaaaaaaaaaaaaaaaapppppapaaaaaaaaaaappppapaaaaaaaaaaaaaaaaaaaaapppapappaaaaaaaaaaaaaaaaaapppapapaaaaaaaaaapppppppappaaaaaaaaaaaaaaaaaapapapapppppaaaaaaaaaaaaaaapppapapaaaaaaaaaapppppapppappaaaaaaaaaaaaaaaapppappppppapppaaaaaaaaaaaapppppappppaaaaaaapppppppppppppaaaaaaaaaaaaaaapppappppppapappppaaaaaaaaapppppappppaaaaaaapppppppppppppppaaaaaaaaaaaaapppappppppappppappppaaaaaapppppappapaaaaaaapppppppppppppaappaaaaaaaaaaapppppppppppppppappaaaaaaaapppppapppppppaaaapppppppppapppppappppaaaaaaaapppppppppppppppppppppaaaaapppppppppppppaaaappppppppppppppappapapaaaaaaapppppppppppppppppppaapaaaappppppppppppppppapppppppppapppppppappapppaaaappppppppppppppppppppaapppapppppppppppppppappppppppppppppppppapppapappppppppppppppppppppppppppaaap
3,11,61,16,23,15,23,4,3,6,8,15,14,16,18,22,26,30,32,41,40,48,54,paaaaaaaaaaaaaaaaaaaaaappaaaaaaaaaaaaapaaaaaaaaaaaaaaaaaaaaaapaaaaaaaaaaaaaaaaaaaaaaapaaaaaaaaaaaaaapaaaaaaaaaaaaaaaaaaaaappaaaaaaaaaaaaaaaaaaaaaappaaaaaaaaaaaaaappaaaaaaaaaaaaaaaaaaapppaaaaaaaaaaaaaaaaaaaaapapaaaaaaaaaaaapappaaaaaaaaaaaaaaaaaappppppaaaaaaaaaaaaaaaaaappppaaaaaaaaaappapppaaaaaaaaaaaaaaaaappppaaaaaaaaaaaaaaaaaaaappapaaaaaaaaaapppppppaaaaaaaaaaaaaaaappppappaaaaaaaaaaaaaaaaappppaaaaaaaaaappppappaaaaaaaaaaaaaaaappppapppaaaaaaaaaaaaaaaapppppaaaaaaaaappppappaaaaaaaaaaaaaaaappppapaapaaaaaaaaaaaaaapppppappaaaaaaapppppppppaaaaaaaaaaaaaappppappappaaaaaaaaaaaaapppppaapaaaaaaappppppppppppaaaaaaaaaaapppppppppppppaaaaaaaaaapppppaapaaaaaaappppppppppaapaaaaaaaaaappppppppppaaappaaaaaaaaapppppappaaaaaappppppppppppapaaaaaaaaappppppppppaappapppppaaappppppppapaaaaapppppppppppppappaaaaaaappppppppppaappapapapaaapppppppppappaaapppppppppppppaaapaaaaaapppppppppppappppapappaapppppppppppappapppppppppppppaaaappppaapppppppppppppppppppaappppppppppppppaapppppppppppppppaappapppp
3,12,70,16,23,23,24,3,4,4,10,12,13,20,25,30,34,43,47,46,55,59,64,paaaaaaaaaaaaaaaaaaaaaapaaaaaaaaaaaaaaaaaaaaaapaaaaaaaaaaaaaaaaaaaaaaaappaaaaaaaaaaaaaaaaaaaapaaaaaaaaaaaaaaaaaaaaaaapaaaaaaaaaaaaaaaaaaaaaaaaapaaaaaaaaaaaaaaaaaaaapaaaaaaaaaaaaaaaaaaaaaappaaaaaaaaaaaaaaaaaaaaaaaaapaaaaaaaaaaaaaaaaaaappppaaaaaaaaaaaaaaaaaapaappppaaaaaaaaaaaaaaaaappppapaaaaaaaaaaaaaaaaappaaaaaaaaaaaaaaaaaaaaapappaaappaaaaaaaaaaaaaaappppaaaaaaaaaaaaaaaaaaapapaappaaaaaaaaaaaaaaaapppaapapaaaaaaaaaaaaaaaappppppaaaaaaaaaaaaaaaaapppapppaaaaaaaaaaaaaaaappppapppapaaaaaaaaaaaaaapppppppaaaaaaaaaaaaaaaappppappppaaaaaaaaaaaaaappppapppapppaaaaaaaaaaaappppppappppaaaaaaaaaaaappppapppapppaaaaaaaaaaappppapppapaappaaaaaaaaaapppppppppaapaaaaaaaaaaappppppppaaappaaaaaaaaaappppppppppaapapppaaaaaaapppppppppappppaaaaaaaaappppppppppapppppaaaaaaappppppppapppappaappaaaaappppppapppppaappaaaaaaappppppppppppppaappppaaapppppppppppppapapaapaaaapppppppppapppaaappaaaaappppppppppppppaaaaappaapppppppppppppapppaaaaaaapppppppppppppaaaapppppapppppppppppppppaappappapppppppppppppappppapaaaappppppppppppppaaappppappppppppppppppppapapappapppppppppppppappppappppappppppppppppppaapapppaappppppppppppppppppppppppppppppppppppppppppppapp
3,13,69,16,19,27,23,3,6,7,7,10,15,9,25,22,27,35,36,47,47,56,63,paaaaaaaaaaaaaaaaaapaaaaaaaaaaaaaaaaaaaaaaaaaapaaaaaaaaaaaaaaaaaaaaaaapaaaaaaaaaaaaaaaaapppaaaaaaaaaaaaaaaaaaaaaaaappaaaaaaaaaaaaaaaaaaaaapapppaaaaaaaaaaaaaapaaaaaaaaaaaaaaaaaaaaaaaaaappaaaaaaaaaaaaaaaaaaaaapaaaaaaaaaaaaaaaaaapappaaaaaaaaaaaaaaaaaaaaaaapppaaaaaaaaaaaaaaaaaaaapppaaaaaaaaaaaaaaaapppapaaaaaaaaaaaaaaaaaaaaaappapaaaaaaaaaaaaaaaaaaapppaapaaaaaaaaaaaaapppaappaaaaaaaaaaaaaaaaaaaappappppaaaaaaaaaaaaaaaapppaapaaaaaaaaaaaaapaaaaaapaaaaaaaaaaaaaaaaaaappaaaaapaaaaaaaaaaaaaaappppapppppaaaaaaaaapppapapppaaaaaaaaaaaaaaaaaappppapappppaaaaaaaaaaaappppppppaapaaaaaaaapppapappaaaaaaaaaaaaaaaaaaappppapappaaaaaaaaaaaaaappppappppaaaaaaaaaapppppappappaaaaaaaaaaaaaaaapppppppppaapaaaaaaaaaaapppppppppppppaaaaaapppappppapapppaaaaaaaaaaaaappppapppppppaaaaaaaaaaappppppppapapapaaaaapppppppaappappppaaaaaaaaaaappppppppppppaaaaaaaaaaappppppppppppppppaaapppppppppppppapappaaaaaaaaapppppppppppppppaaaaaaaapppppppppppppapppaappppppppppppppaaaapaaaaaaaappppppppppppaappppaaaaapppppppppppppppppaappppppppppppppppapapppaaaaapppppppppppppappppppaaappppppppppppppppppppppppppppppppppppppaappppppppppppppppppaappappappp
3,14,57,16,19,12,26,3,4,6,11,12,12,16,19,24,30,31,35,37,39,48,50,paaaaaaaaaaaaaaaaaapaaaaaaaaaaapaaaaaaaaaaaaaaaaaaaaaaaaaapaaaaaaaaaaaaaaaaapaaaaaaaaaaaappaaaaaaaaaaaaaaaaaaaaaaappaaaaaaaaaaaaaaaaappaaaaaaaaaaapapaaaaaaaaaaaaaaaaaaaaaapappaaaaaaaaaaaaaaappppaaaaaaaapapappaaaaaaaaaaaaaaaaaaaapppppaaaaaaaaaaaaaapppapaaaaaaapapapaaaaaaaaaaaaaaaaaaaaappapaaaaaaaaaaaaaaapapaaaaaaaaapppappppaaaaaaaaaaaaaaaaaappapappaaaaaaaaaaaapppaapaaaaaappppppapaaaaaaaaaaaaaaaaaappappaappaaaaaaaaaapppaappaaaaapppapppppaaaaaaaaaaaaaaaaapppppappaaaaaaaaaaapppappapaaaappppppapappppaaaaaaaaaaaaapppppppppaaaaaaaaaapappppppaaaappppppppppaappppaaaaaaaaaapppppppppppaaaaaaaappppapppaaaappppppppppppaaaapaaaaaaaaappppppppppaaaaaaaaappppppappaaappppppppppapppaappppaaaaaapppppppppappaaaaaaappppppppappapppppppppppappapaapapaaaaapppppppppapapaaaaaapppppppppaaappppppppppppppaappaapppaaapppppppppppappppaaappppppppppapppppppppppppppapppapppappapppppppppppapppappppppppppppppappppppppppppppapppppppaaap
3,15,79,16,23,33,23,4,3,6,6,12,20,28,29,38,39,45,53,58,58,69,72,paaaaaaaaaaaaaaaaaaaaaapaaaaaaaaaaaaaaaaaaaaaaaaaaaaaaaappaaaaaaaaaaaaaaaaaaaaaapaaaaaaaaaaaaaaaaaaaaaapaaaaaaaaaaaaaaaaaaaaaaaaaaaaaaaaapaaaaaaaaaaaaaaaaaaaaaappaaaaaaaaaaaaaaaaaaaaapaaaaaaaaaaaaaaaaaaaaaaaaaaaaaaapppaaaaaaaaaaaaaaaaaaaapaappaaaaaaaaaaaaaaaaaaaappaaaaaaaaaaaaaaaaaaaaaaaaaaaaaaaapaaaaaaaaaaaaaaaaaapppapaaaaaaaaaaaaaaaaaaappppaaaaaaaaaaaaaaaaaaaaaaaaaaaaapppapaaaaaaaaaaaaaaaaappaapapppaaaaaaaaaaaaaapapppppppppaaaaaaaaaaaaaaaaaaaaaaapapaappaaaaaaaaaaaaaaapppapappaaaaaaaaaaaaaaapppppappppapppppaaaaaaaaaaaaaaaaaapppapppppaaaaaaaaaaaaapppppapppppaaaaaaaaaaaaaappppppppapapaaaaaaaaaaaaaaaaaaaappppapppppaaaaaaaaaaaapppppppppapppaaaaaaaaaapppppaapppapapppppaaaaaaaaaaaaaaappppppppappppaaaaaaaaaappppppppppppapppaaaaaaapppppppappappppapaaaaaaaaaaaaaaaaappppppppapaapaaaaaaaaapppppapppppppppaaaaaaaappppppppppapppapaapppppaaaaaaaaaaappppppppppaaappaaaaaaappppppppppppppppppaaaaappppppppppappppaaappappppaaaaaaaappppppppppppppapaaaaaaappppppppppppppppppppaaappppppppppappppppappaapppaaaaaaaapppppppppppppppppaaaaaappppppppppppppppappapaappppppppppapppppaappppppppaaaaaaapppppppppppppppaapaaaaappppppppppppppppppappppppppppppppappppppappppppppppppaaappppppppppppppppaapppaappppppppppppppppppaapaapppppppppppppppppppppppppppapppppppppppppppppppppappappp
3,16,51,16,20,17,14,3,3,4,7,12,15,15,22,25,28,28,34,36,42,47,47,paaaaaaaaaaaaaaaaaaapaaaaaaaaaaaaaaaapaaaaaaaaaaaaaapaaaaaaaaaaaaaaaaaaapaaaaaaaaaaaaaaapaaaaaaaaaaaaaaappaaaaaaaaaaaaaaaaapaaaaaaaaaaaaaaapaaaaaaaaaaaaaaapappaaaaaaaaaaaaaaaapaaaaaaaaaaaaaapppaaaaaaaaaaapappaappaaaaaaaaaaaapaappaaaaaaaaaaaaappppaaaaaaaaaaapppappaaaaaaaaaaaapppaappaaaaaaaaaapappappaaaaaaapppppappaaaaaaaaaaaapppaapaaaaaaaaaaapapapapaaaaaaapppppapappaaaaaaaaaapppaappppaaaaaaaapapppapppaaaaapppppappaaaaaaaaaaaapppapppppaaaaaaaappppppppppaaaapppppappaappaaaaaaaappppppppppaaaaaaapppppppppaaaaapppppappaaaapaaaaaaappppappppppaaaaaappppppppppaaaappppppppaappppaaaaaappppppppppppaaaaappppppppppaaaappppppppaapppapaaaaapppppppppppappaaapppppppppppaaapppppppppppappppppaapppppppppppapaaaapppppppppppppapppppppppppppppppppapppppppppppapppaappppppppppppppppppppppppppppppapappppppppppppappppppppppppppppppa
3,17,55,16,19,17,19,3,4,7,8,10,14,22,24,31,33,35,38,43,43,47,51,paaaaaaaaaaaaaaaaaapaaaaaaaaaaaaaaaapaaaaaaaaaaaaaaaaaaappaaaaaaaaaaaaaaaaapaaaaaaaaaaaaaaapaaaaaaaaaaaaaaaaaaapaaaaaaaaaaaaaaaaapppaaaaaaaaaaaaaaapppaaaaaaaaaaaaaaapaapaaaaaaaaaaaaaaapapaaaaaaaaaaaaaaappppaaaaaaaaaaaaaapapappaaaaaaaaaaaaapappaaaaaaaaaaaaapapapaaaaaaaaaaaaaapppapappaaaaaaaaaaapppappaaaaaaaaaaaaappapaaaaaaaaaaaaapppapppaaaaaaaaaaaapppppappppaaaaaaappppapppaaaaaaaaaaapppapapppaaaaaaaaaapppppapapapaaaaaapppppppppaaaaaaaaaappppppppappaaaaaaaapppppppapappaaaaappppppppapppaaaaaaappppppppapapaaaaaaapppppppppappaaaaapppppppppppapaaaaaapppappppapappaaaaaapppppppapppppaaaapppppppppppppaaaaaappppppppppapapaaaaappppppppppppapaaapppppppppppppaaaaaappppppppppppppppaaappppppppppppapaaappppppppppppappaaaappppppppppappaapaaapppppppppppppppaapppppppppppppppaaaappppppppppappaappaappppppppppppppapappppppppppppppppppappppppppppapppppappppppppppppppppappppppppppppppppppapp
3,18,67,16,21,21,25,3,5,5,7,9,15,17,21,25,29,35,39,42,47,57,60,paaaaaaaaaaaaaaaaaaaapaaaaaaaaaaaaaaaaaaaapaaaaaaaaaaaaaaaaaaaaaaaappaaaaaaaaaaaaaaaaaaaappaaaaaaaaaaaaaaaaaapaaaaaaaaaaaaaaaaaaaaaaaapapaaaaaaaaaaaaaaaaaaaaappaaaaaaaaaaaaaaaapaaaaaaaaaaaaaaaaaaaaaaaapaapaaaaaaaaaaaaaaaaaapaapaaaaaaaaaaaaaaaapppaaaaaaaaaaaaaaaaaaaaaapapapaaaaaaaaaaaaaaaapapapaaaaaaaaaaaaaaaappapaaaaaaaaaaaaaaaaaaaaapappppaaaaaaaaaaaaaaaaapappppaaaaaaaaaaaaapppappaaaaaaaaaaaaaaaaaaapapapapaaaaaaaaaaaaaapapappppaaaaaaaaaaaaapppapapppaaaaaaaaaaaaaaaapapppappaaaaaaaaaaaaapppappapaaaaaaaaaaaaapppppppappaaaaaaaaaaaaaaapappppppaaaaaaaaaaaaapapappppppaaaaaaaaaaapppaappapappppaaaaaaaaaaapapppppppaaaaaaaaaaaapppppppppapaaaaaaaaaapppaappapppapappaaaaaaaaapapppppppppaaaaaaaaaapppppppppaappaaaaaaaapppppppppppaapappaaaaaaaapapppppppapppaaaaaaaappppppppppaapaaaaaaaappppppppppppppaapppaaaaaapapppppppappapppaaaaapppppppppaappppaaaaaapppppppppppappaapappaaaaapppppppppappaapapaaaapppppppppppppapppaaaappppppppppppppaapapppaaaappppppppppppppppapppappppppppppppppapapaaappppppppppppppappppappppapppppppppappppappppppppppppppppppppppppppppppppppppppppppppappaaaap
3,19,76,16,26,26,24,4,6,4,9,9,16,16,20,30,29,40,40,50,57,64,68,ppaaaaaaaaaaaaaaaaaaaaaaaapaaaaaaaaaaaaaaaaaaaaaaaaapaaaaaaaaaaaaaaaaaaaaaaaaappaaaaaaaaaaaaaaaaaaaaaaapaaaaaaaaaaaaaaaaaaaaaaaaapppaaaaaaaaaaaaaaaaaaaaaaaapaaaaaaaaaaaaaaaaaaaaapapaaaaaaaaaaaaaaaaaaaaaaaaapaaaaaaaaaaaaaaaaaaaaaappappaaaaaaaaaaaaaaaaaaaaaaappaaaaaaaaaaaaaaaaaaaaaappapaaaaaaaaaaaaaaaaaaaapaapappaaaaaaaaaaaaaaaaaappaaapaaaaaaaaaaaaaaaaaaaaapaaapaaaaaaaaaaaaaaaaaappappapppppaaaaaaaaaaaaaaappaapaaaaaaaaaaaaaaaaaaaaaapppapaaaaaaaaaaaaaaaaaappappapppaaaaaaaaaaaaaaaaappaapapaaaaaaaaaaaaaaaaaaapppaappaaaaaaaaaaaaaaaaappappapppappaaaaaaaaaaaaaappaapapaaaaaaaaaaaaaaaaaaappppapappaaaaaaaaaaaaaaapppppppppaapppaaaaaaaaaaaapppppappaaaaaaaaaaaaaaaaaapppppppappppaaaaaaaaaaaapppppapppapapaaaaaaaaaaaaapppppppappaaaaaaaaaaaaaaaappppapaappaapppaaaaaaaaapppppppppappppppaaaaaaaaaappppppppppppaaaaaaaaaaaaaappppappappaappapppaaaaaapppppapppapppaaapppaaaaaaapppppappppaappaaaaaaaaaaaapppppppppppappaaaappaaaapppppppppapppppapppppaaaaapppppppppppapapaaaaaaaaaaappppppppppappppaappppaaapppppppppappppppppppppaaaapppppppppppappappppaaaaaaapppppppppppppppaapppapaapppppppppapppppppapppapaaapppppppppppappapppppppppaapppppppppppppppapppppppapppppppppappppppppppppappppppppppppppapppppppaapaappppppppppppppppppppppppap
3,20,79,16,18,30,31,4,5,5,8,10,15,19,23,30,40,42,46,53,55,65,74,paaaaaaaaaaaaaaaaappaaaaaaaaaaaaaaaaaaaaaaaaaaaapaaaaaaaaaaaaaaaaaaaaaaaaaaaaaaappaaaaaaaaaaaaaaaappaaaaaaaaaaaaaaaaaaaaaaaaaaaapaaaaaaaaaaaaaaaaaaaaaaaaaaaaapaappaaaaaaaaaaaaaapaaaaaaaaaaaaaaaaaaaaaaaaaaaaaapaaaaaaaaaaaaaaaaaaaaaaaaaaaaaapapaaaaaaaaaaaaaapapppaaaaaaaaaaaaaaaaaaaaaaaaaaappaaaaaaaaaaaaaaaaaaaaaaaaaaappaaaaaaaaaaaaaaappaaaappaaaaaaaaaaaaaaaaaaaaaaapaaapppaaaaaaaaaaaaaaaaaaaaaaapppappaaaaaaaaaaaappaaapppaaaaaaaaaaaaaaaaaaaaaaaaappapappaaaaaaaaaaaaaaaaaaaaapppapapaaaaaaaaaaapppaapppaaaaaaaaaaaaaaaaaaaaaaappppppapapaaaaaaaaaaaaaaaaaaaapppapaapaaaaaaaaaapppaaapapppaaaaaaaaaaaaaaaaaaaapppppappaappppaaaaaaaaaaaaaaaappppppappaaaaaaaaapppppppppapppaaaaaaaaaaaaaaaaaappppaaappaaappppaaaaaaaaaaaaaapppppppppppaaaaaaapppppppppapppppaaaaaaaaaaaaaaaapppppppppappppaappaaaaaaaaaaaapppppppppaapaaaaaappppppppppppapapaaaaaaaaaaaaaappppppapppppppppaapppaaaaaaaaaapppppppppaaaaaaaaappppppppppppppappppaaaaaaaaaaaappppppppppppppppappapaaaaaaaaapppppppppaaapppaaapppppppppappppppapppppaaaaaaaaapppppppppppppppapppapppaaaaaaapppppppppappapaaaappppppppppppppppaapapapppaaaaaappppppppppppppppappapapppaaaaapppppppppapppppaaapppppppppappppppappapaapppppaappppppppppppppppppppapppapppppappppppppppppppppppppppppppppppppppappppappppapppppppppppppppppppppppappppppppap
3,21,61,16,15,21,25,4,4,5,6,10,12,19,29,28,35,35,40,46,52,52,57,paaaaaaaaaaaaaappaaaaaaaaaaaaaaaaaaapaaaaaaaaaaaaaaaaaaaaaaaaapaaaaaaaaaaaaaappaaaaaaaaaaaaaaaaaaapaaaaaaaaaaaaaaaaaaaaaaapapaaaaaaaaaaaaapapaaaaaaaaaaaaaaaaaapaaaaaaaaaaaaaaaaaaaaaaaaapppaaaaaaaaaaappaaaaaaaaaaaaaaaaaaapaaaaaaaaaaaaaaaaaaaaaaaaaapaaaaaaaaaaaappppaaaaaaaaaaaaaaaaapppppaaaaaaaaaaaaaaaaaaapaapappaaaaaaaapppaapaaaaaaaaaaaaaaaapappapaaaaaaaaaaaaaaaaaapappapappaaaaaappppaappaaaaaaaaaaaaaapappappppaaaaaaaaaaaaaaappapppaappppaaappppppppppaaaaaaaaaaaapppppapappppaaaaaaaaaaaappppappappappaapppppppapppaaaaaaaaaaapappappapapapaaaaaaaaaaappppppppppppaaappppppppappaaaaaaaaaappppppppppaapappaaaaaaaaappppppppppapapappppppppppappaaaaaaaappppppppapappaaaaaaaaaaaappppppppppappaapppppppppppaappaaaaaapppppppppppppaappaaaaaaaappppppppppapppapppppppppppapapppaaaapppppppppppppapppppaaaaaapppppppppppppppppppppppppppapppppaaappppppppppppppappppppaaaappppppppppppppappppppppppppapppappaapppppppppppppppppppaappaapppppppppppppppppppppppppppppppapppppppppppppppppppppppapaapp
3,22,80,16,29,27,24,3,4,6,6,8,12,16,23,27,30,37,48,51,58,70,74,paaaaaaaaaaaaaaaaaaaaaaaaaaaapaaaaaaaaaaaaaaaaaaaaaaaaaapaaaaaaaaaaaaaaaaaaaaaaappaaaaaaaaaaaaaaaaaaaaaaaaaaaapaaaaaaaaaaaaaaaaaaaaaaaaaapaaaaaaaaaaaaaaaaaaaaaapapaaaaaaaaaaaaaaaaaaaaaaaaaaaapaaaaaaaaaaaaaaaaaaaaaaaapppaaaaaaaaaaaaaaaaaaaaapaapaaaaaaaaaaaaaaaaaaaaaaaaaappaaaaaaaaaaaaaaaaaaaaaaaaapapaaaaaaaaaaaaaaaaaaaapaapaaaaaaaaaaaaaaaaaaaaaaaaaaappaaaaaaaaaaaaaaaaaaaaaaaapaapppaaaaaaaaaaaaaaaaapaapppaaaaaaaaaaaaaaaaaaaaaaaapppppaaaaaaaaaaaaaaaaaaaaaapaaapapaaaaaaaaaaaaaaaapaapaappaaaaaaaaaaaaaaaaaaaaaappppapaaaaaaaaaaaaaaaaaaaappppppapaaaaaaaaaaaaaaaapappapapppaaaaaaaaaaaaaaaaaaaappppaappaaaaaaaaaaaaaaaaaappppppppppaaaaaaaaaaaaaappppappppapppaaaaaaaaaaaaaaaaappppaapappaaaaaaaaaaaaaaaapppppppppaaaaaaaaaaaaaaapappppppppaapaaaaaaaaaaaaaaaapppppapaaapppaaaaaaaaaaaaaapppppppppppaaaaaaaaaaaaappppppppppppppppaaaaaaaaaaaaapppppppppppaaaaaaaaaaaaaaaapppppppppaapaaaaaaaaaaaapppppppppppppappppppaaaaaaaaaappppapppppaappppppaaaaaaaappppppppppppppaaaaaaaaaapppppppppppppapppppappaaaaaaapppppppppppaapapppapaaaaaaapppppppppppppappaaaaaaaapppppppppppppapppppappaaaaaaapppppppppppapppppppapppaaaapppppppppppppppappaaaaaappppppppppppppppppppppppppaaappppppppppppppapppapppppppappppppppppppppapapppppaapppppppppppppapppppppppapapppppppppppppppppppppppppapppppppppppppppppppaappppppp
3,23,67,16,17,18,32,3,4,4,6,8,12,15,17,21,27,30,35,43,46,54,61,paaaaaaaaaaaaaaaapaaaaaaaaaaaaaaaaapaaaaaaaaaaaaaaaaaaaaaaaaaaaaaaaapaaaaaaaaaaaaaaaappaaaaaaaaaaaaaaaapaaaaaaaaaaaaaaaaaaaaaaaaaaaaaaappaaaaaaaaaaaaaapaaaaaaaaaaaaaaaaapaaaaaaaaaaaaaaaaaaaaaaaaaaaaaaaaappaaaaaaaaaaaaapaaaaaaaaaaaaaaaaapppaaaaaaaaaaaaaaaaaaaaaaaaaaaaapapppaaaaaaaaaaaapaapaaaaaaaaaaaaaapaapaaaaaaaaaaaaaaaaaaaaaaaaaaaapappapaaaaaaaaaaapapapaaaaaaaaaaaaapppppaaaaaaaaaaaaaaaaaaaaaaaaaaapappaaaaaaaaaaaaapppppppaaaaaaaaaaapppppaaaaaaaaaaaaaaaaaaaaaaaaaaapppppapaaaaaaaaaappappppaaaaaaaaaaappppapaaaaaaaaaaaaaaaaaaaaaaaaaapppppapaaaaaaaaaapppppapppaaaaaaaaapppppppaaaaaaaaaaaaaaaaaaaaaaaaapppppappaaaaaaaaappppppppaaaaaaaaaappppppppppppaaaaaaaaaaaaaaaaaaaappppppapppaaaaaaapppppppppppaaaaaaappppppppaaappaaaaaaaaaaaaaaaaaaappppppppppppaaaaappppppppppaaaaaaaapppppppppaaappppaaaaaaaaaaaaaaaappppppppappppaaaappppppppppapppaaaappppppppppapappapppppaaaaaaaaaaappppppppppppapaaapppppppppppapapaaapppppppppaappppappppapppaaaaaaaappppppppppppapppapppppppppppapapaaappppppppppappppppppapppapppppaaappppppppppppapppppppppppppppppappppppppppppppappppppppppppappaapppp
3,24,85,16,26,28,31,3,4,6,6,12,15,22,24,32,40,43,50,55,67,70,78,paaaaaaaaaaaaaaaaaaaaaaaaapaaaaaaaaaaaaaaaaaaaaaaaaaaapaaaaaaaaaaaaaaaaaaaaaaaaaaaaaaapaaaaaaaaaaaaaaaaaaaaaaaaappaaaaaaaaaaaaaaaaaaaaaaaaaapaaaaaaaaaaaaaaaaaaaaaaaaaaaaaaappaaaaaaaaaaaaaaaaaaaaaappaaaaaaaaaaaaaaaaaaaaaaaaaaappaaaaaaaaaaaaaaaaaaaaaaaaaaaaapapaaaaaaaaaaaaaaaaaaaaaapaapaaaaaaaaaaaaaaaaaaaaaaaaapapaaaaaaaaaaaaaaaaaaaaaaaaaaaapapppaaaaaaaaaaaaaaaaaaaappaapaaaaaaaaaaaaaaaaaaaaaaappapppaaaaaaaaaaaaaaaaaaaaaaaaaapapappaaaaaaaaaaaaaaaaaaapppappaaaaaaaaaaaaaaaaaaaaaappappappaaaaaaaaaaaaaaaaaaaaaaaapappppppaaaaaaaaaaaaaaaaappaaaapppppaaaaaaaaaaaaaaaaappppaappppaaaaaaaaaaaaaaaaaaaaappapppppapppaaaaaaaaaaaaaappaapapapapppaaaaaaaaaaaaaaappapaapaaappaaaaaaaaaaaaaaaaaaaapapppppppppaaaaaaaaaaaaaappappppppapaappaaaaaaaaaaaaappappppppapappaaaaaaaaaaaaaaaaappappppppppppppaaaaaaaaaaapppppppppppapapppaaaaaaaaaaapppppppppaaaaappaaaaaaaaaaaaaaappapppapppppaapppaaaaaaaaapppppppppppppapapppaaaaaaaaapppppppppapapapapaaaaaaaaaaaaaappppppppppppppapappaaaaaaapppppppppppapapapapaaaaaaaaappppppppppappappppppaaaaaaaaaaappppppppppppppaaappppaaaaapppppppappppppppppapaaaaaaaapppppppppppppappaappppaaaaaaaaappppppppppppppppppppppaaaapppppppppppppppapppppppaaaaapppppppppppppapppappapppppaaaaapppppppppppppppppppppapppapppppppppppppappppppppappaaapppppppppppppappppppppapaapaaaapppppppppppppppppppppaapappppppppppppppppppppppppapppppppppppppppppappppppppppapapppp
3,25,68,16,20,24,24,4,3,4,9,12,15,18,24,30,32,39,41,45,52,55,63,paaaaaaaaaaaaaaaaaaappaaaaaaaaaaaaaaaaaaaaaapaaaaaaaaaaaaaaaaaaaaaaaapaaaaaaaaaaaaaaaaaaapaaaaaaaaaaaaaaaaaaaaaapaaaaaaaaaaaaaaaaaaaaaaaapaaaaaaaaaaaaaaaaaaaappaaaaaaaaaaaaaaaaaaaaapaaaaaaaaaaaaaaaaaaaaaapppppaaaaaaaaaaaaaaaaapppaaaaaaaaaaaaaaaaaaapaaaaaaaaaaaaaaaaaaaaaaaapaapaaaaaaaaaaaaaaapppappppaaaaaaaaaaaaaaaapppaaaaaaaaaaaaaaaaaaaaaapappaaaaaaaaaaaaaaaappppppapaaaaaaaaaaaaaaaapppppaaaaaaaaaaaaaaaaaaapaapppaaaaaaaaaaaaaapappppppppaaaaaaaaaaaaappppaapaaaaaaaaaaaaaaaaappappapppaaaaaaaaaaapppppppppaaaaaaaaaaaaaaapppaapppppaaaaaaaaaaaaaappappaapapaaaaaaaaaapppppppppapppppaaaaaaaaapppppapappppaaaaaaaaaaaappapppapaappaaaaaaaappappppppapaapapaaaaaaaappppppppapppppaaaaaaaaaappappappaappaaaaaaaapppppppppppappaapaaaaaaappppppppppppapppppaaaaaappapppppaapppaaaaaaapppppppppppapppaapaaaaaapppppppppppppaappapaaaaappapppppaappapaaaaaapppppppppppappapapppaaaappppppppppppappappppaaaappapppppapppappaaaaappppppppppppppppappappaapppppppppppppppapppappaappppppppappppppppaaapppppppppppappppappppaaapppppppppppppppappapppaappppppppapppppapppppppppppppppppppppppppapppppppppppppppppppppppaapp
3,26,61,16,19,18,24,3,4,4,8,9,17,18,30,28,27,43,44,45,51,52,56,paaaaaaaaaaaaaaaaaapaaaaaaaaaaaaaaaaapaaaaaaaaaaaaaaaaaaaaaaappaaaaaaaaaaaaaaaaaapaaaaaaaaaaaaaaaaapaaaaaaaaaaaaaaaaaaaaaaaapaaaaaaaaaaaaaaaaaapaaaaaaaaaaaaaaaaappaaaaaaaaaaaaaaaaaaaaaaappaaaaaaaaaaaaaapappaaaaaaaaaaaaaaapappaaaaaaaaaaaaaaaaaaapaaaappaaaaaaaaaaaapaaapaaaaaaaaaaaaapaapppaaaaaaaaaaaaaaaaaapapppaapaaaaaaaaaaapapappaaaaaaaaaaaappappppppaaaaaaaaaaaaaaapapppaaapaaaaaaaaaapppppapaaaaaaaaaaappapppaaappaaaaaaaaaaaaapppppppappppaaaaaaapppppapppaaaaaaaaappppppapppappaaaaaaaaaaappppppaapaappaaaaaapppppaaaapaaaaaaaappppppapppapapppaaaaaaaappppppaapaapppaaaaapppppaapaaaaaaaaaappppppapppapaaapaaaaaaaapppppppappappappaaappppppppappppppaaapppppppppppppaapppaaaaaapppppppappappppppaapppppppppaaapppaaapppppppppppppaappappaaaapppppppappapppppappppppppppapaaapppaapppppppppppppapppapaaaaappppppppppapppppappppppppppappppppppapppppppppppppapppaaappaapppppppappapppppappppppppppapppppppappppppppppppppppppapappaappppppppppppppppappppppppppppppppppappppppppppppppapppappappp
3,27,47,16,15,19,13,3,3,5,6,8,12,16,17,18,23,24,26,38,36,40,44,paaaaaaaaaaaaaapaaaaaaaaaaaaaaaaaapaaaaaaaaaaaapaaaaaaaaaaaaaapaaaaaaaaaaaaaaaaaapaaaaaaaaaaaapaaaaaaaaaaaaaappaaaaaaaaaaaaaaaaappaaaaaaaaaaapppaaaaaaaaaaaapapaaaaaaaaaaaaaaaapaaaaaaaaaaaapapaaaaaaaaaaaapapppaaaaaaaaaaaaaapapaaaaaaaaaapppppaaaaaaaaaapapappaaaaaaaaaaaaapppaaaaaaaaaapappaaaaaaaaaaappaapppppaaaaaaaaaappppppaaaaaaappppppaaaaaaaaapaaappapppaaaaaaaaappppapaaaaaaappppaaaaaaaaaaappppppapaapaaaaaaaappppappaaaaaappppaappaaaaaaapppappapppppaaaaaaappppapappaaaappppppaapaaaaaappppppppaaapaaaaaaappppppapapaaappppppappppaaaappppppapappaaaaaaaappppppaaapaaappppppappppppaappppppppappppppppaappppppappppaapppppppppappppappppppppapppaaappaappppppppapapapppppppppppppaapppppppppppppaaappappppppppppapppppppppppppppappppppppppppppaappppppppppppppppp
3,28,54,16,19,15,20,3,7,4,7,9,9,16,19,24,28,30,40,38,42,45,49,paaaaaaaaaaaaaaaaaapaaaaaaaaaaaaaapaaaaaaaaaaaaaaaaaaapppaaaaaaaaaaaaaaaapaaaaaaaaaaaaaapppaaaaaaaaaaaaaaaaapaapaaaaaaaaaaaaaaaapaaaaaaaaaaaaapaaaaaaaaaaaaaaaaaaaaapapaaaaaaaaaaaaaappppaaaaaaaaaaapaaaaaaaaaaaaaaaaaaappaaaaaaaaaaaaaaaaappppaaaaaaaaaaapappaaaaaaaaaaaaaaaapppaaaaaaaaaaaaaaaapaappaaaaaaaaaapapapaaaaaaaaaaaaaaappppappaaaaaaaaaaaapppppaaaaaaaaaapappppaaaaaaaaaaaaaappppapapaaaaaaaaaaappppppaaaaaaaaapppppappaaaaaaaaaaaapppppppapppaaaaaaaapppppaaaaaaaaaapppppppappaaaaaaaaaapppapppapaapppaaaaapppppppaaaaaaaapppppaapapppppaaaaaappppppppappaapaaaaapppppppaaaaaaaappppppapapappppaaaaappppppppaappaappppapppppppppaaaaaappppppppppppppapppaapppppppppppaaaapppappppppppppaaaaappppppppppppapaaaapappppppppppppapaaapapppppppppppaaaappppppppppppapappappppppppppppppapappppppppppppppapaaappppppppppppppppaaapppppppppppppppapppapppppppppppppppppppppppppppppappaap
3,29,51,16,16,17,18,3,7,6,8,8,13,17,18,28,29,31,33,34,42,42,45,paaaaaaaaaaaaaaapaaaaaaaaaaaaaaaapaaaaaaaaaaaaaaaaapppaaaaaaaaaaaaappaaaaaaaaaaaaaaaappaaaaaaaaaaaaaaapapaaaaaaaaaaaaapappaaaaaaaaaaaaapaaaaaaaaaaaaaaaaaaaappaaaaaaaaaaapppapaaaaaaaaaaaaaaappaaaaaaaaaaaaapapaaaaaaaaaaaaapapaapaaaaaaaaaaapaappaaaaaaaaaaaaapapappaaaaaaaaaapppapapaaaaaaaaaappappaaaaaaaaaaaaapppppappaaaaaaaapppapaaaaaaaaaaaapaapppppaaaaaaaaaapppppaapaaaaaaaapppapappaaaaaaaaapapppappaaaaaaaaaappppppappppaaaaapppppapappaaaaaaappppppppppaaaaaaaappppppppaaaaaaaapppppppppppaaaaaappppppppaappaaaaaapppppppppaaaaaaapppppppppppaaaaaappppppppapappaaaaappppppppapaaaaaapppppppppppaaaaaappppppppapappppaaappppppppaaappaaappppppppppppaaaaappppppppppappaaaaappppppppppaaapaapppppppppppppppaappppppppppppppppaappppppppppaaappapppppppppppppapaapppppppppppppppapapppppppppppaaaapppppppppppppapapppppppppppppppppppp
3,30,68,16,23,28,17,3,3,8,8,12,13,16,24,21,27,33,34,44,50,56,62,paaaaaaaaaaaaaaaaaaaaaapaaaaaaaaaaaaaaaaaaaaaaaaaaapaaaaaaaaaaaaaaaaapaaaaaaaaaaaaaaaaaaaaaapaaaaaaaaaaaaaaaaaaaaaaaaaapaaaaaaaaaaaaaaaapapaaaaaaaaaaaaaaaaaaaaappppaaaaaaaaaaaaaaaaaaaaaaappaaaaaaaaaaaaaaaapapaaaaaaaaaaaaaaaaaaapapapaaaaaaaaaaaaaaaaaaaaaaapppaaaaaaaaaaaaaapppppaaaaaaaaaaaaaaaaaaaaapppaaaaaaaaaaaaaaaaaaaaaappppaaaaaaaaaaaaappapapaaaaaaaaaaaaaaaaapapppaaaaaaaaaaaaaaaaaaaaaaapppppaaaaaaaaaaaappppappaaaaaaaaaaaaaaaapapppapaaaaaaaaaaaaaaaaaaaaappppapaaaaaaaaaaappppappppaaaaaaaaaaaaaapppppappppaaaaaaaaaaaaaaaaaapppppppaaaaaaaaaappppppaaaaaaaaaaaaaaaaapppppapapappaaaaaaaaaaaaaaaappppppaaaaaaaaaaappppppapppaaaaaaaaaaaaapppppapaaaaappppaaaaaaaaaaaappppppppaaaaaaaaapppppppppppaaaaaaaaaaaapppppapapaappaapppaaaaaaaaaapppppppapppaaaaaappppppppppapppaaaaaaaaapppppappppappaappapaaaaaaaaapppppppaaaaaaaaaappppppppppppppppaaaaaaappppppppppappaappaappppaaaaapppppppaapppaaaaappppppppppapappppppaaaappppppppppappappppaappapaaaappppppppppppppaaappppppppppppppapappppaapppppppppppppapppaaappapppaapppppppppppapppppppppppppppppppppppppappppppppppppppppppppaapppppappppppppppppppppapa
3,31,63,16,26,21,16,3,6,5,8,11,13,22,25,28,28,36,41,46,50,56,56,paaaaaaaaaaaaaaaaaaaaaaaaapaaaaaaaaaaaaaaaaaaaapaaaaaaaaaaaaaaaapppaaaaaaaaaaaaaaaaaaaaaaappaaaaaaaaaaaaaaaaaapaaaaaaaaaaaaaaaappaaaaaaaaaaaaaaaaaaaaaaaaapaaaaaaaaaaaaaaaaaappaaaaaaaaaaaaaaappapaaaaaaaaaaaaaaaaaaaaaappaaaaaaaaaaaaaaaaaaapppaaaaaaaaaaaappaaaaaaaaaaaaaaaaaaaaaaaaapppaaaaaaaaaaaaaaaaaappppppaaaaaaaaapppaapppaaaaaaaaaaaaaaaaaaappaaaaaaaaaaaaaaaaaappapppaaaaaaaaaapppaappppppaaaaaaaaaaaaaaaapppppppaaaaaaaaaaaaappappppaaaaaaaaapppappppappppaaaaaaaaaaaaaappaapaaaaaaaaaaaaaaapppppppppppaaaaapppappapaapappppaaaaaaaaaaapppapappaaaaaaaaaaaappppppppppapaaaapppppppppppppaaaaaaaaaaaaaapppppappaaaaaaaaaaaapppppppapaaaaaaapppppppppppppppaaaaaaaaaaaappppppppppaaaaaaaaaapppppppappappaaapppppppppppppppppppaaaaaaappppppppppappaaaaaaaapppppppapaapapaapppppppppppppppppappaaaaaaapppppppppapapppaaaaapppppppppppppapapppppppppppppppppapappaaaappppppppppapppaapppaapppppppppppppaappppppppppppppppppapppppppappppppppppppppppappaapppppppppppppapapppppppppppppppppapppapaapppppppppppppppppappppppppppppppppppaa
3,32,64,16,18,23,23,3,4,5,6,10,14,25,30,34,33,37,42,48,48,57,58,paaaaaaaaaaaaaaaaapaaaaaaaaaaaaaaaaaaaaaapaaaaaaaaaaaaaaaaaaaaaaapaaaaaaaaaaaaaaaaappaaaaaaaaaaaaaaaaaaaaapaaaaaaaaaaaaaaaaaaaaapapaaaaaaaaaaaaaaaaaapaaaaaaaaaaaaaaaaaaaaappaaaaaaaaaaaaaaaaaaaappaaaaaaaaaaaaaaapaaapaaaaaaaaaaaaaaaaaaaapapaaaaaaaaaaaaaaaaaapapppaaaaaaaaaaaaapaapaaaaaaaaaaaaaaaaaaaappaappaaaaaaaaaaaaaaaapppapaaaaaaaaaaaaapaaaappppaaaaaaaaaaaaaapppaaappaaaaaaaaaaaaaaappppppaaaaaaaaaaaapapppppaappppaaaaaaaaaapppppappppaaaaaaaaaaaaappppppppaaaaaaaaaapppppppaapppppppaaaaaaappppappppaaaaaaaaaaaaaapppppppppaaaaaaaaapppppppaappppppppaaaaaapppppppppapaaaaaaaaaaaappppppapaaaaaaaaaappppppppapppppppaaaaaaapppppppppppaaaaaaaaaaaapppppppppaaaaaaaaapppppppaappppppppppaaaappppppppppapaaaaaaaaaaapppppppppppppaaaaappppppppapppppppaaapaaapppppppppppappaaaaaaaaapppppppppppaapaaaappppppppappppppppppppaapppppppppppapappppaaaaapppppppppapaapaaaappppppppapppppppppppppapppppppppppappapappaaaapppppppppapapppppapppppppppppppppppppappppppppppppppapppppppppaapppppppppppapppappppppppppappppppppppppppppppppppppppppppappaapp
3,33,71,16,28,18,25,3,5,7,6,11,19,19,27,27,38,45,43,49,55,56,65,paaaaaaaaaaaaaaaaaaaaaaaaaaapaaaaaaaaaaaaaaaaapaaaaaaaaaaaaaaaaaaaaaaaapaaaaaaaaaaaaaaaaaaaaaaaaaaaappaaaaaaaaaaaaaaaappaaaaaaaaaaaaaaaaaaaaaaapaaaaaaaaaaaaaaaaaaaaaaaaaappappaaaaaaaaaaaaaaappaaaaaaaaaaaaaaaaaaaaapapaaaaaaaaaaaaaaaaaaaaaaaaapaaaappaaaaaaaaaaaaapaaaaaaaaaaaaaaaaaaaaaapappppaaaaaaaaaaaaaaaaaaaaaaappaaapaaaaaaaaaaaapppaaaaaaaaaaaaaaaaaaaaapppppapaaaaaaaaaaaaaaaaaaaaapppapapppaaaaaaaaappppppaaaaaaaaaaaaaaaaaaapppapappaaaaaaaaaaaaaaaaaaaappapaappppaaaaaaaapppapappaaaaaaaaaaaaaaaaappppppppppaaaaaaaaaaaaaaaaaapppapppppppaaaaaaapppppappaaaaaaaaaaaaaaaaapppppapapapaaaaaaaaaaaaaaaaappppppapppapaaaaaapppppappppaaaaaaaaaaaaaaapppppapppapppppaaaaaaaaaaaaapppppppppppapppaaapppppaappappppaaaaaaaaaaapppppppppapppppppppaaaaaaaaapppppppppppappppaapppppppppaaapappaaaaaaaaapppppppppapappppppaaaaaaaaaapppppppppppappaapapppppppppappppaaaaaaaaaaapppppppppappppppppappaaaaaaapppppppppppapapaaapppppppppapppppapppaaaaaappppppppppppppppppppppaaaaaapppppppppppapppapapppppppppppppppaapappaaaapppppppppappppppppappppaaaaapppppppppppapppapppppppppppapppppapaapapppapppppppppppppppppppppaappppppppppppppppapppappppppppppppppppppppppaappp
3,34,62,16,19,16,27,3,3,3,7,13,17,19,25,24,27,35,36,44,47,48,58,paaaaaaaaaaaaaaaaaapaaaaaaaaaaaaaaapaaaaaaaaaaaaaaaaaaaaaaaaaaapaaaaaaaaaaaaaaaaaapaaaaaaaaaaaaaapaaaaaaaaaaaaaaaaaaaaaaaaaaapaaaaaaaaaaaaaaaaapaaaaaaaaaaaaaaaapaaaaaaaaaaaaaaaaaaaaaaaaapaaaaaaaaaaaaaaaaaapppaaaaaaaaaaaaapppaaaaaaaaaaaaaaaaaaaaaaaapppaaaaaaaaaaaaaaaappappaaaaaaaaaaappppppaaaaaaaaaaaaaaaaaaaaappppaaaaaaaaaaaaaaapppppaaaaaaaaaaappaapapppppaaaaaaaaaaaaaaaapppaaaaaaaaaaaaaaaappppappaaaaaaaaappapppppppapaaaaaaaaaaaaaaappppppppaaaaaaaaaaapppppaapaaaaaaaapppppappppaappaaaaaaaaaaaaappppappaaaaaaaaaaaapppppaaapaaaaaaapppppppppppapaaaaaaaaaaaaaappppapaappaaaaaaaaappppppaaapaaaaaappppppppppaapppaaaaaaaaaaaapppppppppapaaaaaaaapppppppappaaaaaapppppppppppapppppaaaaaaaaaappppppppppappaaaaaappppppaappaaaaaapppppppppppappaapppaaaaaaaappppapppppppppppaaapppppppapppaaaaappppppppppppppappaapppaaaaappppapppppapppaapaappppppppppppaaaappppppppppppppapppaapppppaappppppppppapppaaapapppppppppppappaappppppppppppppapppaappppaaappppppppppppppapappppppppppppppppppppppppppppppppppppaappppppp
3,35,57,16,16,16,25,4,4,4,6,10,11,17,20,25,26,31,36,44,47,45,53,ppaaaaaaaaaaaaaapaaaaaaaaaaaaaaapaaaaaaaaaaaaaaaaaaaaaaaaaapaaaaaaaaaaaaapaaaaaaaaaaaaaaaappaaaaaaaaaaaaaaaaaaaaaapaaaaaaaaaaaaaaapaaaaaaaaaaaaaaaapapaaaaaaaaaaaaaaaaaaaaaappppaaaaaaaaaaapaaaaaaaaaaaaaaaaapaaaaaaaaaaaaaaaaaaaaaapppapaaaaaaaaaaapppaaaaaaaaaaaaaaapppaaaaaaaaaaaaaaaaaaaapppppaaaaaaaaaaappapaaaaaaaaaaaaaappapaaaaaaaaaaaaaaaaaaappppppaaaaaaaaaappapppaaaaaaaaaapappapppaaaaaaaaaaaaaaaaapppappaaaaaaaaaappppppppaaaaaaaapappppappaaaaaaaaaaaaaaaapppppppaaaaaaaaappppppaapaaaaaaappppapappppppaaaaaaaaaaaappppppaaaaaaaaaappppppppaaaaaaaappppppappaaappppaaaaaaaaappppppappaaaaaaapppppppppaaaaaaappppppppppaappppaaaaaaaaappppppaaappaaaaapppppppppppaaaaappppppppppapppppppaaaaaaappppppapapapppaapppppppppppppppapppppppppapppppppppaaaaaappppppaapppppppappppppppppappapapppppppppppppppppppppaaaappppppaapppapaaapppppppppppppapappppppppppppppppppppapaaappppppapppppppapppppppppppappappppppppppppppppppppppppppp
3,36,64,16,26,16,22,3,3,7,10,12,14,19,23,30,31,34,40,46,54,55,56,paaaaaaaaaaaaaaaaaaaaaaaaapaaaaaaaaaaaaaaapaaaaaaaaaaaaaaaaaaaaaapaaaaaaaaaaaaaaaaaaaaaaaaapaaaaaaaaaaaaaaapaaaaaaaaaaaaaaaaaaaaaapppaaaaaaaaaaaaaaaaaaaaaaappaaaaaaaaaaaapapaaaaaaaaaaaaaaaaaaapaaapaaaaaaaaaaaaaaaaaaaaaappapppaaaaaaaaapappaaaaaaaaaaaaaaaaaappaapaaaaaaaaaaaaaaaaaaaaapapaappaaaaaaaaapppppaaaaaaaaaaaaaaaaappappaaaaaaaaaaaaaaaaaaaaapapaappppaaaaaaapappapaaaaaaaaaaaaaaaappappppppaaaaaaaaaaaaaaaaapapppppaaaaaaaaappppaapaaaaaaaaaaaaaaappappppppppaaaaaaaaaaaaaaapappppppaaaaaaaapppppapaaaaaaaaaaaaaaappapppppppppaaaaaaaaaaaaaappppppppapaaaaaapppppapppppaaaaaaaaaaapppppppppppappaaaaaaaaaaaapappppppppaaaaaapppppppppaaaaaaaaaaaaappapppppppppaapaaaaaaaaaaappppppppppaaaaaapppppppppapppaaaaaaaaappapppppppppapppppaaaaaaaappppppppppppaaaapppppppapapapppaaaaaaappapppppppppppappppppaaaaappppppppppapppaapppppppppapappappaaaaappppppppppppppppppapappaaapppppppppppppppppppppppppappppapapppaapppppppppppppppppppapapppappppppppppaapppapppppppppapappappppppppppppppppppppppppppppapaappppppppppppapppappppppppppppppappaappp
3,37,64,16,25,24,15,4,4,6,9,11,15,21,27,25,32,30,36,45,54,53,61,paaaaaaaaaaaaaaaaaaaaaaaapaaaaaaaaaaaaaaaaaaaaaaappaaaaaaaaaaaaaapaaaaaaaaaaaaaaaaaaaaaaaappaaaaaaaaaaaaaaaaaaaaaaapaaaaaaaaaaaapaaaaaaaaaaaaaaaaaaaaaaaapaaaaaaaaaaaaaaaaaaaaaaaappppaaaaaaaaaapapaaaaaaaaaaaaaaaaaaaaaappappaaaaaaaaaaaaaaaaaaapaapapaaaaaaaaaaapppaaaaaaaaaaaaaaaaaaaapaappaaaaaaaaaaaaaaaaaaapappappaaaaaaaapapappaaaaaaaaaaaaaaaaaaappppppaaaaaaaaaaaaaaaaaappapappaaaaaaaapppapppaaaaaaaaaaaaaaaaaapppppappppaaaaaaaaaaaaaappppapapaaaaaaapppappapaaaaaaaaaaaaaaaaapppppappppppaaaaaaaaaaaappppppppppaaaaapppppppappaaaaaaaaaaaaaaapppppaapaappaaaaaaaaaaaappppppappaaaaaapppppppppppaaaaaaaaaaaaaappppppppppppaaaaaaaaaaaapppppppppaaaaaapppppppppaapaaaaaaaaaaaaapppppappppppaaaaaaaaaaaapppppppppaaaaaappppppppppapppaaaaaaaaaaapppppppppppppppaaaaaaaaappppppppaaaaaaappppppppppppppppppaaaaaaappppppppppppppppaaaaaaaapppppppppppaaaappppppppppppppappppppppaapppppppppppppppppppaaaaappppppppppapppappppppppppppppaappppappppppppppppppppppppppapaaaappppppppppaapapppppppppppppppppppppappppppppppppppppppppppppppppppppppppppppapa
3,38,80,16,26,26,28,3,4,4,11,7,12,18,19,22,31,36,39,43,55,64,69,paaaaaaaaaaaaaaaaaaaaaaaaapaaaaaaaaaaaaaaaaaaaaaaaaapaaaaaaaaaaaaaaaaaaaaaaaaaaapaaaaaaaaaaaaaaaaaaaaaaaaaapaaaaaaaaaaaaaaaaaaaaaaaappaaaaaaaaaaaaaaaaaaaaaaaaaappaaaaaaaaaaaaaaaaaaaaaaaaaapaaaaaaaaaaaaaaaaaaaaaaapaaaaaaaaaaaaaaaaaaaaaaaaaaappppaaaaaaaaaaaaaaaaaaaaaaapappppaaaaaaaaaaaaaaaaaaaaappaaaaaaaaaaaaaaaaaaaaaaaappaapaaaaaaaaaaaaaaaaaaaaappaaaaapaaaaaaaaaaaaaaaaaapaaaaaaaaaaaaaaaaaaaaaaaaaaappaaappaaaaaaaaaaaaaaaaaaaappppapaaaaaaaaaaaaaaaaaaapaappaaaaaaaaaaaaaaaaaaaaaaappaaappppaaaaaaaaaaaaaaaaappppappppaaaaaaaaaaaaaaaaappppaaaaaaaaaaaaaaaaaaaaaaaappppapaaaaaaaaaaaaaaaaaaaaapppppppapaaaaaaaaaaaaaaaappppappaaaaaaaaaaaaaaaaaaaaappppaapaapaaaaaaaaaaaaaaaaapppppppaapaaaaaaaaaaaaaaappppppappaaaaaaaaaaaaaaaaaaapppppppppaaaaaaaaaaaaaaaaappppppppappppaaaaaaaaaaaaappppppppappaaaaaaaaaaaaaaaaappppppppppppppaaaaaaaaaaaappppppppappaapaaaaaaaaaaaappppppapppppaaaaaaaaaaaaaaaappppapppppaaaappaaaaaaaaaappppppppappaaappppaaaaaaaappppppppappappppaaaaaaaaaaaappppppppppapaaaapppaaaaaaappppppppappapappappaaaaaaappppppppppppaaaappaaaaaaaaaappppppppppaaappppaappppaaappppppppappappppppppppaaaappppppppppppaaappapppaaaaaaappppppppppapapappppppappaapppppppppppapppppppapppppappppppppppppapappppppppaaaaappppppppppppppppaappaapppppppppppppppapppapppppaapapppppppppppppppapppppppappppp
3,39,77,16,20,29,28,3,5,3,6,9,10,13,18,26,30,43,52,52,59,66,74,paaaaaaaaaaaaaaaaaaapaaaaaaaaaaaaaaaaaaaaaaaaaaaapaaaaaaaaaaaaaaaaaaaaaaaaaaaapppaaaaaaaaaaaaaaaapaaaaaaaaaaaaaaaaaaaaaaaaaaaaapaaaaaaaaaaaaaaaaaaaaaaaaaapaaaaaaaaaaaaaaaaaaapaaaaaaaaaaaaaaaaaaaaaaaaaaaaaapaaaaaaaaaaaaaaaaaaaaaaaaapapapaaaaaaaaaaaaaaapaaaaaaaaaaaaaaaaaaaaaaaaaaaapapaaaaaaaaaaaaaaaaaaaaaaaaapaaaappaaaaaaaaaaaaappaaaaaaaaaaaaaaaaaaaaaaaaaaaaappppaaaaaaaaaaaaaaaaaaaaaapaaaapppaaaaaaaaaaaapappaaaaaaaaaaaaaaaaaaaaaaaaaaapppaaaaaaaaaaaaaaaaaaaaaaapaapapaaaaaaaaaaaaaappaapaaaaaaaaaaaaaaaaaaaaaaaapapppapppaaaaaaaaaaaaaaaaaaapaapapappaaaaaaaaaaappppappaaaaaaaaaaaaaaaaaaaaaapapppapappaaaaaaaaaaaaaaaaaappapppppaaaaaaaaaaaapppppaappppaaaaaaaaaaaaaaaaaapapppappappppaaaaaaaaaaaaaaappapppppppaaaaaaaaaapppppaaaapappppaaaaaaaaaaaaaapppppapapaaappppaaaaaaaaaaaappppppppapppppaaaaaapppppaaapppapaapppaaaaaaaaaaappppppppppappppppppaaaaaaaaappppppppappapppppaaapppppapaapppppppapppppaaaaaaappppppppppppppapppappaaaaaaappppppppapppppaappaapppppppappppppapapappaaaaaaaappppppppppppppapapaaappppaaappppppppapppppapapaappppppppppppppappppppapaaaaaappppppppppppppappppaappapppapppppppppppappapappppppppppppppppppppppppaappaaaapppppppppppppppppppapppapppppppppppppppppppppppppppppppppppppppppppppappppppppppppppppppppppppppapppppppa
3,40,61,16,24,16,21,3,6,6,6,9,12,20,20,23,26,33,38,37,43,48,54,paaaaaaaaaaaaaaaaaaaaaaapaaaaaaaaaaaaaaapaaaaaaaaaaaaaaaaaaaappaaaaaaaaaaaaaaaaaaaaaapppaaaaaaaaaaaaaapaaaaaaaaaaaaaaaaaaapapaaaaaaaaaaaaaaaaaaaaaaapaaaaaaaaaaaaapappaaaaaaaaaaaaaaaaapappaaaaaaaaaaaaaaaaaaaaappaaaaaaaaaaaaaapaaaaaaaaaaaaaaaaaaapapapaaaaaaaaaaaaaaaaaaapppaaaaaaaaaaaaappapaaaaaaaaaaaaaaaaapapaapppaaaaaaaaaaaaaaaappppaaaaaaaaaaaappapaaaaaaaaaaaaaaaaapppappppaaaaaaaaaaaaaaaappppppaaaaaaaaaapppppppaaaaaaaaaaaaaapapapappppaaaaaaaaaaaaaappppapppaaaaaaaapppppaapaaaaaaaaaaaaappppaappaappaaaaaaaaaaaappppappppaaaaaaapppppapapaaaaaaaaaaaapppappppppaappaaaaaaaaaappppapppapaaaaaapppppppaaaaaaaaaaaaaapppppppppapappppaaaaaaaapppppppppapaaaaappppppppapaaaaaaaaaaapppppppppppappppppaaaaaapppppppppaaaaaaappppppppappppaaaaaaaapppppppppapappppaappaaaappppppppppaaaaaapppppppppaaappaaaaaaapppppppppapapppappappaaappppppppppppppaapppppppppaaapappaaaaapppppppppppappppppppappapppppppppppaaappppppppppppaaapaapppaappppppppppppppppppppappppppppppppppapapappppppppppapppappappp
3,41,58,16,14,26,18,3,4,5,7,10,17,16,22,23,31,35,44,46,47,53,54,paaaaaaaaaaaaapaaaaaaaaaaaaaaaaaaaaaaaaapaaaaaaaaaaaaaaaaaapaaaaaaaaaaaapaaaaaaaaaaaaaaaaaaaaaaaaaappaaaaaaaaaaaaaaapapaaaaaaaaaaaapaaaaaaaaaaaaaaaaaaaaaaaaappaaaaaaaaaaaaaaapaapaaaaaaaaaapapaaaaaaaaaaaaaaaaaaaaaaaapappaaaaaaaaaaaaappppaaaaaaaaaappapaaaaaaaaaaaaaaaaaaaaaappapaaaaaaaaaaaaaapappppaaaaaaaapppappppaaaaaaaaaaaaaaaaaaapappppaaaaaaaaaaappppaapaaaaaaappaappaapaaaaaaaaaaaaaaaaaappppaappaaaaaaaaapppppapaaaaaaapppaapapppppaaaaaaaaaaaaaaappppapppaaaaaaaaapppppapaaaaaaapppaapappppappaaaaaaaaaaaaappppapppaaaaaaaaappppppppaaaaaapppaappppppaaappppaaaaaaaappppppppppaaaaaaaappppppppppaaaapppappappppppappapppaaaaaaapppppppppaaaaaaaappppppppppppaapppppppppppapaapapppppaaaappppppppppppppaaaapppppppppappaapppppppppppapappppapppppaapppppppppppapppaaapppppppppppppappppppppppppppppppapppaaaappppppppppppaapaaappppppppppppappppppppppppppppppppppppapappppppppppppppppaappppppppppppaapppppppppppppppppppppppapppppppppppppppppapp
3,42,61,16,21,22,18,3,4,6,11,12,18,21,20,24,30,38,37,45,48,51,56,paaaaaaaaaaaaaaaaaaaapaaaaaaaaaaaaaaaaaaaaapaaaaaaaaaaaaaaaaapaaaaaaaaaaaaaaaaaaaaapaaaaaaaaaaaaaaaaaaaappaaaaaaaaaaaaaaaaapppaaaaaaaaaaaaaaaaaaapaaaaaaaaaaaaaaaaaaaaappaaaaaaaaaaaaaappaapaaaaaaaaaaaaaaaaapapppaaaaaaaaaaaaaaaapaapppaaaaaaaaaaaapaapappaaaaaaaaaaaaaaappaapaaaaaaaaaaaaaaaaapaapapppaaaaaaaaappapappppaaaaaaaaaaaaappappppaaaaaaaaaaaaaapapapapaapaaaaaaaapappapppappaaaaaaaaaaappappaaaaaaaaaaaaaaaapppppppapapaaaaaaappppaappaaapaaaaaaaaappppppaapaaaaaaaaaaaaappappapapaaaaaaaaappppppppapaaaaaaaaaaappppppaaappaaaaaaaaaaapppppapapaaaaaaaaappppppppapppaaaaaaaaapppppppaapappaaaaaaaaapppppppppaaaaaaaaappppppppppppaaaaaaaaappppppaaapappppaaaaaaapppppppppppppppaaapppppppppppppppaaaaaappppppapapppppapaaaaaapppppappppaaaaaaaapppppppppppppppppaaaappppppappppppaaapaaaaapppppappppppppappappppppppppppppapappaappppppppppppppapaaaaaapppppppppppppppapapppppppppppppppaapppappppppapppppppppappaaappppppppppppppappappppppppppppppappapapppppppppppppppppaapppppppppppppppppppppp
3,43,61,16,18,21,22,3,5,5,8,10,12,19,22,24,27,31,40,42,48,51,53,paaaaaaaaaaaaaaaaapaaaaaaaaaaaaaaaaaaaapaaaaaaaaaaaaaaaaaaaaappaaaaaaaaaaaaaaaaapaaaaaaaaaaaaaaaaaaappaaaaaaaaaaaaaaaaaaaapapaaaaaaaaaaaaaaaaapaaaaaaaaaaaaaaaaaappaaaaaaaaaaaaaaaaaaaapaaaaaaaaaaaaaaaaapapppaaaaaaaaaaaaaaaapppaaaaaaaaaaaaaaaaaaapaapaaaaaaaaaaaaaapapaapaaaaaaaaaaaaaaapppppaaaaaaaaaaaaaaaaapaaappaaaaaaaaaaaapppaaappaaaaaaaaaaaaappppaaaaaaaaaaaaaaaaaappappappaaaaaaaaaappppppapppaaaaaaaaaaappppaaaaaaaaaaaaaaaaaappapppapppaaaaaaaapppappapaappaaaaaaaaappppappaaaaaaaaaaaaaaappapppapaapaaaaaaappppppappaaapaaaaaaaappppaappppaaaaaaaaaaaappapppapaaapaaaaaappppppppppppaaaaaaaaappppappapapaaaaaaaaaaappppppppapaaaaaaaappppppappappapaaaaaaapppppppppppaaaaaaaaaaappppppppppaaaaaaaappppppppppppppppaaaaappppppppppppppaaaaaaaappppppppapapppaaaapppppppppppppapppaaaappppppppppppppaaaaaaaappppppppppppaappaappppppppppppppppppaaappppppppppppppppaaaaaappppppppppapaaappappppppppppppppppppppappppppppppppappappppaappppppppppppaaapapppppppppppppppppppapppppppppppppppppappaapp
3,44,69,16,25,22,22,3,4,7,9,10,12,17,24,26,27,33,36,46,56,59,63,paaaaaaaaaaaaaaaaaaaaaaaapaaaaaaaaaaaaaaaaaaaaapaaaaaaaaaaaaaaaaaaaaaapaaaaaaaaaaaaaaaaaaaaaaaapaaaaaaaaaaaaaaaaaaaappaaaaaaaaaaaaaaaaaaaaapppaaaaaaaaaaaaaaaaaaaaaaapaaaaaaaaaaaaaaaaaaapappaaaaaaaaaaaaaaaaaaapapppaaaaaaaaaaaaaaaaaaaapppaaaaaaaaaaaaaaaaaappaaaaaaaaaaaaaaaaaaaaapappapaaaaaaaaaaaaaaaaaapapaaaaaaaaaaaaaaaaaaappappaaaaaaaaaaaaaaaaaappppaapaaaaaaaaaaaaaaaaapppppaaaaaaaaaaaaaaaaappaaaaaaaaaaaaaaaaaaaapppppaaapaaaaaaaaaaaaaaaappppppaaaaaaaaaaaaaaaappapppaaaaaaaaaaaaaaaapppppaappppppaaaaaaaaaaaappppppppaaaaaaaaaaaaaappapppaaaaaaaaaaaaaaaappppppaaaaapppaaaaaaaaaaappppppaappppaaaaaaaaaappapppppaaaaaaaaaaaaaappppppppaaappapaaaaaaaaaappppppaaappapaaaaaaaaapppppppaaaaaaaaaaaaaaapppppppppaappaappaaaaaaaappppppaaapppappaaaaaaapppppppappaaaaaaaaaaaappppppppppppppapappaaaaaapppppppaapppaaaaaaaaaapppppppaaappaaaaaaaaaappppppppppppppapapppaaaaappppppapppppapappaaaaapppppppppapppppaaaaaaappppppppppppppppapppppaaappppppppppppppapppppaapppppppppappapappppaaappppppppppppppapapppppppappppppppppppppppppapppppppppppppppppaaapapaappppppppppppppappppppappppppppppppppppppppppppappppppppppppppaappappp
3,45,70,16,23,24,23,3,3,3,5,12,12,19,22,26,31,38,44,49,58,57,61,paaaaaaaaaaaaaaaaaaaaaapaaaaaaaaaaaaaaaaaaaaaaapaaaaaaaaaaaaaaaaaaaaaaapaaaaaaaaaaaaaaaaaaaaapaaaaaaaaaaaaaaaaaaaaaaaapaaaaaaaaaaaaaaaaaaaaaapaaaaaaaaaaaaaaaaaaaaaapaaaaaaaaaaaaaaaaaaaaaapaaaaaaaaaaaaaaaaaaaaaapaaaaaaaaaaaaaaaaaaaaaapaaaaaaaaaaaaaaaaaaaaaaaaapppaaaaaaaaaaaaaaaaaapappaaaaaaaaaaaaaaaaaaapppaaaaaaaaaaaaaaaaaaaaaappppppaaaaaaaaaaaaaaaapppapaaaaaaaaaaaaaaaaaapaappaaaaaaaaaaaaaaaaaaapappppaaaaaaaaaaaaaaaaappppapppaaaaaaaaaaaaaaappapappaaaaaaaaaaaaaaaaapappppppaaaaaaaaaaaaaaapppppapappaaaaaaaaaaaaappapappppaaaaaaaaaaaaaaappppappapaaaaaaaaaaaaaapppapapppaaaaaaaaaaaaaappapappappaaaaaaaaaaaaaappppppppppppaaaaaaaaaaapppppappppppaaaaaaaaaaappapapppppppaaaaaaaaaaaapppppppaapaappaaaaaaaaapppppappppappaaaaaaaaaappappppppapapaaaaaaaaaaappppppppapppppppppaaaaapppppppppppaapppaaaaaaappppappppppappppaaaaaaaappppppppapppppappapaaaappppppppppapaapppppaaaappppappppppapppppaaaaaaappppppppppppppappappaaappppppppppppaappppppppappppappppppappppppppaaaappppppppppppppappppppaappppppppppppaappppppaapppppappppppapppppaaapppappppppppppppppappappppappppppppppppaapppppapappppppppppppappppppapaaapppppppppppppppppppppppp
3,46,71,16,17,27,27,3,3,5,7,12,10,24,25,28,34,32,43,42,51,55,64,paaaaaaaaaaaaaaaapaaaaaaaaaaaaaaaaaaaaaaaaaapaaaaaaaaaaaaaaaaaaaaaaaaaaapaaaaaaaaaaaaaaapaaaaaaaaaaaaaaaaaaaaaaaaaaapaaaaaaaaaaaaaaaaaaaaaaaaaaapaaaaaaaaaaaaaaappaaaaaaaaaaaaaaaaaaaaaaaaaappaaaaaaaaaaaaaaaaaaaaaaapppaaaaaaaaaaaaaaaaappaaaaaaaaaaaaaaaaaaaaaaaapapaaaaaaaaaaaaaaaaaaaaaappapppaaaaaaaaaaapaappppaaaaaaaaaaaaaaaaaaaaaappaaaaaaaaaaaaaaaaaaaaaaappaaaaaaaaaaaaaaapaappappaaaaaaaaaaaaaaaaaaapappaaaaaaaaaaaaaaaaaaaaaaapppppppaaaaaaaaaappapppapppppaaaaaaaaaaaaaaapappppppaaaaaaaaaaaaaaaaaaappppapppaaaaaaaaappappappaappppaaaaaaaaaaaaapapppppappaaaaaaaaaaaaaaaaappppppppaaaaaaaaappapppppapppaapaaaaaaaaaaaapappppppppaaaaaaaaaaaaaaaaappppapppppaaaaaaappppppppapppappppaaaaaaaaaapapppppppppaaaaaaaaaaaaaaaappppppppapaaaaaaappppppppppppaapaapaaaaaaaaapappppppppaaaaaaaaaaaaaaaaapppppppppppaaaaaappppppppappppappppaaaaaaaaappppppppppappppppaaaaaaaaaappppppppppapaaaaappppppppppppaapapaaaaaaaaaappppppppppappaapppppaaaaaaappppppppppappaaaapppppppppppppppppppppaaaaaapppppppppppppppppaaapaaaaaappppppppppapppaaapppppppppppppappppaaappppaappppppppppppppppppaaapppaaappppppppppappppppppppppppppppppppppaapaapappppppppppppppppppppapppppppp
3,47,59,16,18,20,21,3,3,4,8,9,13,17,18,28,26,34,35,38,41,49,54,paaaaaaaaaaaaaaaaapaaaaaaaaaaaaaaaaaaapaaaaaaaaaaaaaaaaaaaapaaaaaaaaaaaaaaaaaapaaaaaaaaaaaaaaaaaapaaaaaaaaaaaaaaaaaaaapaaaaaaaaaaaaaaaaapaaaaaaaaaaaaaaaaaaappaaaaaaaaaaaaaaaaaaapaaaaaaaaaaaaaaaaapapppaaaaaaaaaaaaaaapappaaaaaaaaaaaaaaaaapaaaaaaaaaaaaaaaaapppaappaaaaaaaaaaaaapaaappaaaaaaaaaaaaaaapppaaaaaaaaaaaaaaapppppappaaaaaaaaaaaapaaapapaaaaaaaaaaaaaappappaaaaaaaaaaaaapppapppappaaaaaaaaaapaappappaaaaaaaaaaaaapapapaaaaaaaaaaaaapppppppaaappaaaaaaaapaaapapapppaaaaaaaaaappppppppppaaaaaaaapppppppaapapppaaaaaapppapappapaaaaaaaaaaapppppapaappaaaaaaapppppppaappaaappaaaapapappppapaaaaaaaaaaappppppaappappaaaaapppppppapppppappaaaappppppppappaaaaaaaaaapppppppaaaaaapaaaapppppppppppppappaaaappppppppapapppaaaaaaapppppppaaaaaapaaaapppppppapppppppppaaappppppppppaapapppaaaapppppppappaaappppapppppppppppppppppaaapppppppppppaaaaaaaaaapppppppaapaaappapppppppppppppppapppppapppppppppppapapppppppppppppppppaapppapppppppppppppppppppppppppppppppppapappppppp
3,48,61,16,21,24,16,4,5,5,9,9,10,19,20,24,31,37,40,48,50,52,57,ppaaaaaaaaaaaaaaaaaaapaaaaaaaaaaaaaaaaaaaaaaapaaaaaaaaaaaaaaaaappaaaaaaaaaaaaaaaaappaaaaaaaaaaaaaaaaaaaaaapaaaaaaaaaaaaaaaappaaaaaaaaaaaaaaaaaaappaaaaaaaaaaaaaaaaaaaaapaaaaaaaaaaaaaaaappppaaaaaaaaaaaaaaaappapaaaaaaaaaaaaaaaaaaaappaaaaaaaaaaaaaapapaaaaaaaaaaaaaaaaaappapppaaaaaaaaaaaaaaaaaapapaaaaaaaaaaaaapapppaaaaaaaaaaaaaaaapppaaaaaaaaaaaaaaaaaaaaappapaaaaaaaaaaaapappppaaaaaaaaaaaaaaapppppappppaaaaaaaaaaaaaapappppaaaaaaaaaapppppappppaaaaaaaaaaappppappaaapaaaaaaaaaaaaapappaapaaaaaaaaapppppaapappaaaaaaaaaapppppapaapppppaaaaaaaaaapappaappaaaaaaaapppppaapappaaaaaaaaaappppppppppppappaaaaaaaaapppppppppaaaaaaappppppppppppaaaaaaaaappppppppppppaapppaaaaaaappppppppppaaaaaapppppppppppapaaaaaaaapppppppppppppppappaaaaaapppppppppappaaaappppppppppppapppaaaaapppppppppppppppppapppaaappppppppppapppaappppppppppppapppppppapppppppppppppppppappapaappppppppppapaaaappppppppppppaapppppaapppppppppppppppppppppppappppppppppapaapappppppppppppappppppapppppppppppppppppppppppapppppppppppppppap
3,49,55,16,18,20,17,4,6,5,7,6,13,18,25,25,30,31,40,44,39,46,47,paaaaaaaaaaaaaaaaapaaaaaaaaaaaaaaaaaaappaaaaaaaaaaaaaaaapaaaaaaaaaaaaaaaaapppaaaaaaaaaaaaaaaaaappaaaaaaaaaaaaaaappaaaaaaaaaaaaaaaaaapaaaaaaaaaaaaaaapaaapaaaaaaaaaaaapaaapaaaaaaaaaaaaaappaapaaaaaaaaaaaaaappaaaaaaaaaaaaaaaaaaapaaaaaaaaaaaaaapaaaaaaaaaaaaaaaaaapaapppaaaaaaaaaaaapaappaaaaaaaaaaaappappappaaaaaaaaaaaappappaaaaaaaaaaaappapppaaaaaaaaaaaappppapapaaaaaaaaaaaappapppppaaaaaaaaappppppppaaaaaaaaaapppapppaaaaaaaaaaaaapppppppppppaaaaaappppppaaaaaaaaaaaappppapppppaaaaaaaaaappppppapppapaaaaappppppaaaaaaaaaaaapppppppppappaaaaaaaappppppapppppppaaapppppppaaaaaaaaaaapppppppppappaaaaaaaappppppapppappppaapppppppappppaaaaaapppppppppppappppaaaappppppappppppppaapppppppaapaappaaaapppppppppppppppapppappppppppppppppppapppppppapaaaaapaaappppppppppppppaaapapppppppapppappppapppppppppaaapappppapppppppppppppppaappappppppppppppppppappppppppapapappapppppppppppppppppaapapppppppppppppppppa
3,50,70,16,24,20,26,4,3,6,7,11,10,13,23,25,36,37,43,47,52,56,63,ppaaaaaaaaaaaaaaaaaaaaaapaaaaaaaaaaaaaaaaaaapaaaaaaaaaaaaaaaaaaaaaaaaapaaaaaaaaaaaaaaaaaaaaaaaapaaaaaaaaaaaaaaaaaapaaaaaaaaaaaaaaaaaaaaaaaaapapaaaaaaaaaaaaaaaaaaaaapapaaaaaaaaaaaaaaaaappaaaaaaaaaaaaaaaaaaaaaaaapaappaaaaaaaaaaaaaaaaaaaaappaaaaaaaaaaaaaaaappaaaaaaaaaaaaaaaaaaaaaaaappaaappaaaaaaaaaaaaaaaaapappppaaaaaaaaaaaaaappaaaaaaaaaaaaaaaaaaaaaaaappaapaaaaaaaaaaaaaaaaaaappapappaaaaaaaaaaaaappaaaaaaaaaaaaaaaaaaaaaaaapppapapaaaaaaaaaaaaaaaaappppaaappaaaaaaaaaaappaaaaaaaaaaaaaaaaaaaaaaaappappppppaaaaaaaaaaaaaaappppppapapaaaaaaaaaapppppppaaaaaaaaaaaaaaaaaaappappppapppaaaaaaaaaaaaappppppappappaaaaaaaapppappapaaaaaaaaaaaaaaaaaappppppppppppaaaaaaaaaaaappppppppppppppaaaaaapppppppapppaaaaaaaaaaaaaaappppppppppaappaaaaaaaaaapppppppppppppapaaaaappppppaapppppaaaaaaaaaaaaapppppppppppppppaaaaaaaaapppppppppappaappaaaappppppppppppapppaaaaaaaaaapppppppppppappapaaaaaaaapppppppppppppappppaapppppppppppppaapppaaaaaaaappppppppppppppppppaaaaaapppppppppppppapaapaapppppppppppppaapapppppaaaapppppppppppppppaaapppppapppppppppppppppppppapppppppppppppaapapaapapaaapppppppppppppppppppappappppppppppppppppppppppppppppppppppappapaappappp
3,51,70,16,27,23,20,3,5,4,6,10,9,14,20,28,24,34,46,52,58,58,63,paaaaaaaaaaaaaaaaaaaaaaaaaapaaaaaaaaaaaaaaaaaaaaaapaaaaaaaaaaaaaaaaaaappaaaaaaaaaaaaaaaaaaaaaaaaaapaaaaaaaaaaaaaaaaaaaaappaaaaaaaaaaaaaaaaaaaapaaaaaaaaaaaaaaaaaaaaaaaapaaaaaaaaaaaaaaaaaaaaaapapaaaaaaaaaaaaaaaaapaappaaaaaaaaaaaaaaaaaaaaaapaaaaaaaaaaaaaaaaaaaaaapaapaaaaaaaaaaaaaaaapaapppppaaaaaaaaaaaaaaaaaaappaaaaaaaaaaaaaaaaaaaaappaaaaaaaaaaaaaaaaaapaapppaapaaaaaaaaaaaaaaaaaappaaaaaaaaaaaaaaaaaaaaapaapaaaaaaaaaaaaaaaapaapppaapppaaaaaaaaaaaaaaaapppaaaaaaaaaaaaaaaaaaaappappaaaaaaaaaaaaaaappppppapppppaaaaaaaaaaaaaaappapaaaaaaaaaaaaaaaaaaappaappppaaaaaaaaaaaapppppppppppappppaaaaaaaaaaappaappppaaaaaaaaaaaaaaappppaapppaaaaaaaaaaappappppppppaaapappaaaaaaaaapppapapaaaaaaaaaaaaaaaappppappaaaaaaaaaaaaapppppppppppapppaappaaaaaaaapppapapappaaaaaaaaaaaaapppppppaappppaaaaaaappppppppppppppppppappaaaaaapppppapappppppaaaaaaaaappppppppaappappppaaappppppppppppppppppappppaaaapppppapapppappppaaaaaaapppppppppppppppppaaappppppppppppppppppppapppaaapppppapappappappppppppappppppppapppappppppappppppppppppppppppappppappppppppapapppppppppaapaaappppppppapppppppppaapppppppppppppppppppppppappapppppppapppppppapaaappppppppppppppppppppppp
3,52,62,16,26,19,17,3,4,4,9,9,15,20,22,25,25,35,39,45,46,52,57,paaaaaaaaaaaaaaaaaaaaaaaaapaaaaaaaaaaaaaaaaaapaaaaaaaaaaaaaaaaappaaaaaaaaaaaaaaaaaaaaaaaapaaaaaaaaaaaaaaaaapaaaaaaaaaaaaaaaapaapaaaaaaaaaaaaaaaaaaaaaaapaaaaaaaaaaaaaaaaaapaaaaaaaaaaaaaaapaaappaaaaaaaaaaaaaaaaaaaaapppaaaaaaaaaaaaaaapppaaaaaaaaaaaaaaaappaappaaaaaaaaaaaaaaaaaaapppaaaaaaaaaaaaaaapapaaaaaaaaaaaaaapppppaapppaaaaaaaaaaaaaaaappappaaaaaaaaaaaaaapppaaaaaaaaaaaaaappppppaaaapppaaaaaaaaaaaaappppappaaaaaaaaaaaapppppaaaaaaaaaaaappppppppapapaaaaaaaaaaaaaappppapaaaaaaaaaaaaapppaappppaaaaaaaappppppppapapapaaaaaaaaaaaapppppppaaaaaaaaaaaappppaaapappaaaaaappppppppapappaaaaaaaaaaaaapppppppaaaaaaaaaaaapppapaappapaaaaaappppppppppppppppaaaaaaaaaapppppppppaaaaaaaaaapppppaapppppaaaaappppppppppapppppppaaaaaaaappppppppppaaaaaaaaapppppaapppppppaaappppppppppapppppaappppaaaappppppppppppaaaaaaapppppapppppppppaappppppppppapppppppaaappaaappppppppappappaaaaappppppppppppapppappppppppppppppppppapapppaappppppppppappapppaapppppppppppppppaappppppppppppppppppapppppppppppppppppappapappppppppppppppppppap
3,53,59,16,17,21,21,4,4,7,11,8,14,20,22,29,31,37,41,43,45,52,53,paaaaaaaaaaaaaaaappaaaaaaaaaaaaaaaaaaapaaaaaaaaaaaaaaaaaaaappaaaaaaaaaaaaaaaaapaaaaaaaaaaaaaaaaaaapaaaaaaaaaaaaaaaaaaaaappaaaaaaaaaaaaappapaaaaaaaaaaaaaaaaapapaaaaaaaaaaaaaaaaaaapaapppaaaaaaaaaaaaaapppaaaaaaaaaaaaaappppaaaaaaaaaaaaaaaaaapaaaapaaaaaaaaaappaaapaaaaaaaaaaaaaaapppaaaaaaaaaaaaaaaaaapapapapaaaaaaaaaapapaaaapppaaaaaaaaaaapppappaaaaaaaaaaaaaaapapapapaaaaaaaaaapppappapaappaaaaaaaaapppppapppaaaaaaaaaaaapppappppaaaaaaaaapppapppppaaaaaaaaaaaapppppapaapaaaaaaaaaaapapppapppppaaaaaapppapppppappaaaaaaaaapppppapppappaaaaaaaaapppppppppppaaaaaapppappppppppaaaaaaaaapppapppppaaapaaaaaaaapppppppppppppaaaapppapppppappppaaaaaaappppppppppppaaaaaaaaapppppppppppappaaapppppppppppppppaaaaaappppppppppppapaaaaaaappppppppppaapppaappppppppppppppapaaaaappppppppppppaapppaaaappppppppppppppapappppppppppppppppaaaaappppppppppppapaaapaaapppppppppppppppaapppppppppppppppppppaapppppppppppppppaaapppppppppppppppppappppppppppppppppppppapppppppppppppppppapaaap
3,54,68,16,17,26,25,3,4,4,5,9,14,14,23,21,35,37,40,49,51,55,66,paaaaaaaaaaaaaaaapaaaaaaaaaaaaaaaaaaaaaaaaapaaaaaaaaaaaaaaaaaaaaaaaappaaaaaaaaaaaaaaaapaaaaaaaaaaaaaaaaaaaaaaaapaaaaaaaaaaaaaaaaaaaaaaaapaaaaaaaaaaaaaaaapapaaaaaaaaaaaaaaaaaaaaaaaapaaaaaaaaaaaaaaaaaaaaaaapapaaaaaaaaaaaaaapaaaaaaaaaaaaaaaaaaaaaaaaaaappaaaaaaaaaaaaaaaaaaaaappaaaaaaaaaaaaaaapappaaaaaaaaaaaaaaaaaaaaaappaappaaaaaaaaaaaaaaaaaaappapaaaaaaaaaaaaapapapaaaaaaaaaaaaaaaaaaaaapapppappppaaaaaaaaaaaaaaapppppaaaaaaaaaaaapapaapaaaaaaaaaaaaaaaaaaaappppaaapaapaaaaaaaaaaaaaappppaaaaaaaaaaaaapapppppppaaaaaaaaaaaaaaaaapppppppppaappaaaaaaaaaaaappapaaaaaaaaaaaaapappapaaaaaaaaaaaaaaaaaaaapppppppppppapppaaaaaaaaaappppapppaaaaaaaaapapppppapppppaaaaaaaaaaaaapppppppppapapppppppaaaaaapppppapaaaaaaaaaapapppppppppppppppaaaaaaaaapppppppppapappppaapaaaaaapppppappppppaaaaapappppppapapaaapppaaaaaaaapppppppppapapppppappaaaaapppppppppaaappaaapppppppppppppppppppaaaaaaapppppppppppapppppppapaaaapppppappppaapppaapppppppppppppappppapppaaaapppppppppppapppppppaapaaappppppppppappppaappppppppppppppppppaapppppapppppppppapappppppppaaaaappppppppppppppppppppppppppppppppppppppappapppppppppppppppppppppppppp
3,55,59,16,27,20,12,3,5,6,7,12,12,16,19,22,29,34,33,41,45,51,56,paaaaaaaaaaaaaaaaaaaaaaaaaapaaaaaaaaaaaaaaaaaaapaaaaaaaaaaapaaaaaaaaaaaaaaaaaaaaaaaaaaappaaaaaaaaaaaaaaaaappaaaaaaaaaaapaaaaaaaaaaaaaaaaaaaaaaaaapaappaaaaaaaaaaaaaaappaaaaaaaaaapappaaaaaaaaaaaaaaaaaaaaaaaapaaappaaaaaaaaaaaaapaaaaaaaaaaappaapaaaaaaaaaaaaaaaaaaaaaappaappapppaaaaaaaaaappaaaaaaaaaapapaappaaaaaaaaaaaaaaaaaaaappaappapaaaaaaaaaaaapppaaaaaaaaappaapaapppaaaaaaaaaaaaaaaaappapppappaaaaaaaaaaappapaaaaaaaapppapapaaappppaaaaaaaaaaaaappapppaapapaaaaaaaaapppaaaaaaaaapppappppappaaaaaaaaaaaaaaaappapppapppaaaaaaaaaapppappaaaaaapppppappappppppppaaaaaaaaaappppppapppapaaaaaaaapppaaapaaaaappppppppppppppppppaaaaaaaaappppppapppaapaaaaaaappppaappaaaappppppppppppappppapaaaaaaaappppppapppaaapaaaaaappppaappaaaapppppppppppppppppaapppaaaaappppppppppappapaaaaapppppapappaappppppppppppppppppappppaaaappppppapppapaappppaappppapppappappppppppppppppppppppppapaaapppppppppppppppppppappppapppapapppppppppppppppppppappppppppppppppppppapppppppappppppppppppp
3,56,60,16,18,30,12,4,5,5,9,9,13,17,22,26,33,40,42,47,49,52,54,paaaaaaaaaaaaaaaaappaaaaaaaaaaaaaaaaaaaaaaaaaaaapaaaaaaaaaaaappaaaaaaaaaaaaaaaaappaaaaaaaaaaaaaaaaaaaaaaaaaapaaaaaaaaaaaapaaaaaaaaaaaaaaaaaappaaaaaaaaaaaaaaaaaaaaaaaaaappaaaaaaaaaaappppaaaaaaaaaaaaaaaaappaaaaaaaaaaaaaaaaaaaaaaaapppaaaaaaaaaapaapaaaaaaaaaaaaaaappaappaaaaaaaaaaaaaaaaaaaaaappapaaaaaaaaapapppaaaaaaaaaaaapappaaapppaaaaaaaaaaaaaaaaaaaapaappaaaaaaaappppaaaaaaaaaaaaapappaapappppaaaaaaaaaaaaaaaaaappppapaaaaaapppppppaaaaaaaaaaappppaaappppappaaaaaaaaaaaaaaaapaapapppaaaaapppppapaaaaaaaaaapppppapppppppapaaaaaaaaaaaaaaapppppppaaaaappppppaapppaaaaaaapapppappppppppappppaaaaaaaaaaappppppappaaappppppppppppaaaaaapppppapppppppppapappppaaaaaaaapppppppppaaapppppppppappaaaaaapppppapppppppppppppppppaaaaaaapppppppppaaappppppppppppppaaaapppppapppppppppppppppappaaaaaapppppppppppapppppppppppppapaaapppppppppppppppppppppppappaaaappppppppppaapppppppppppppaappapppppppppppppppppppppppapapaaapppppppppppppppppppppppppappappppppapppppppppppppppppppaappppppppppppppa
3,57,63,16,19,25,19,3,4,7,7,11,15,21,27,30,33,40,46,45,48,52,57,paaaaaaaaaaaaaaaaaapaaaaaaaaaaaaaaaaaaaaaaaapaaaaaaaaaaaaaaaaaapaaaaaaaaaaaaaaaaaappaaaaaaaaaaaaaaaaaaaaaaaapaaaaaaaaaaaaaaaaaapppppaaaaaaaaaaaaapaaaaaaaaaaaaaaaaaaaaaaaaapaaaaaaaaaaaaaaaaapaaaaapaaaaaaaaaaaapapaaaaaaaaaaaaaaaaaaaaaaapppaaaaaaaaaaaaaaappaaapppaaaaaaaaaaappaaaaaaaaaaaaaaaaaaaaaaaappppaaaaaaaaaaaaaapaaaappaaaaaaaaaaaapppppaaaaaaaaaaaaaaaaaaaaapappppppaaaaaaaaaappaaappaaaaaaaaaaaapppppppaaaaaaaaaaaaaaaaaapppppapppppaaaaaaaappapppppppaaaaaaaaappapapapppppaaaaaaaaaaaaappppaapaaappppaaaaapppppppaaapaaaaaaaapppppppppaappppaaaaaaaaaappppaapppaapapaaaaapppppppappppaaaaaaappapppppaappaapaaaaaaaaaappppappppapapppaaaappppppppppppaaaaaaapppppppppapppappaaaaaaaaapppppapppappppppaaappppppppppppppaaaaapppppppppappaapapppaaaaaapppppppppppppppppaappppppppppppapaaaaapppppppppapppappappaaaaaappppppppppppppppaaapppppppppppppapppaapppppppppappppppapaaaaaaappppppppppppppapapapppppppppppppppapaapppppppppappppppapppppaaappppppppppppppppaaapppppppppppppppapppppppppppppppppppappaaappppppppppppppppppppap
3,58,73,16,23,16,34,3,4,6,11,8,13,14,26,28,33,41,47,50,52,63,65,paaaaaaaaaaaaaaaaaaaaaapaaaaaaaaaaaaaaapaaaaaaaaaaaaaaaaaaaaaaaaaaaaaaaaaapaaaaaaaaaaaaaaaaaaaaappaaaaaaaaaaaaaaapaaaaaaaaaaaaaaaaaaaaaaaaaaaaaaaaappaaaaaaaaaaaaaaaaaaaappaaaaaaaaaaaaaapapaaaaaaaaaaaaaaaaaaaaaaaaaaaaaaaapapppaaaaaaaaaaaaaaaaapappaaaaaaaaaaaappppaaaaaaaaaaaaaaaaaaaaaaaaaaaaaaaaaapappaaaaaaaaaaaaaaapapaaaaaaaaaaaaapappaaaaaaaaaaaaaaaaaaaaaaaaaaaaaaappapappaaaaaaaaaaaaaaapapaaaaaaaaaaaaappppppaaaaaaaaaaaaaaaaaaaaaaaaaaaappppappaaaaaaaaaaaaaaaapaaaaaaaaaaaaaaapappappppaaaaaaaaaaaaaaaaaaaaaaaaapppaappppppaaaaaaaaaaaapapapppaaaaaaaaapapppppppppppaaaaaaaaaaaaaaaaaaaaaapppppppaaapppaaaaaaaaapppapaappaaaaaaapppppppapaaappppaaaaaaaaaaaaaaaaaappppppppppapppaaaaaaaaappppapaapaaaaaaapppppppppaaapappppaaaaaaaaaaaaaaaapppppppppppppappppaaaaapppppapapaaaaaaapppppppppapaaaappapppppaaaaaaaaaaapppppppppppppppaappaaaapppppppppppaaaaapppppppppapappppaappaaapppaaaaaaaappppppppppppppppaappaaappppppppppappaaapppppppppapapppppappappaaapaaaaaaappppppppppppppppppaaaaappppppppppapaaaapppppppppapppppppappapapppapaaaaaappppppppppppppppppaapppppppppppppapppaapppppppppppappppppppppppppappppaaapppppppppppppppppppaaappppppppppppppppppppppppppappppppppppppppppapaaappp
3,59,62,16,21,21,20,4,5,4,9,7,11,15,24,29,34,38,43,48,52,55,60,paaaaaaaaaaaaaaaaaaaapaaaaaaaaaaaaaaaaaaaappaaaaaaaaaaaaaaaaaappaaaaaaaaaaaaaaaaaaaappaaaaaaaaaaaaaaaaaaaapaaaaaaaaaaaaaaaaapapaaaaaaaaaaaaaaaaaaaaapaaaaaaaaaaaaaaaaaaapaaaaaaaaaaaaaaaaaaaappaaaaaaaaaaaaaaaaaaapppaaaaaaaaaaaaaaaappppaaaaaaaaaaaaaaapapaaaaaaaaaaaaaaaaaaapaaaapaaaaaaaaaaaaaaappaapaaaaaaaaaaaaaapapppaaaaaaaaaaaaaaaaapppaaapaaaaaaaaaaaaaaapaappaaaaaaaaaaaaapappapppaaaaaaaaaaaaaapppaaaaaaaaaaaaaaaaappppaappaaaaaaaaaaaapapppapapaaaaaaaaaaaapppppaapppaaaaaaaaaaapppppapppppaaaaaaaaappppppppppppppaaaaaaaapppapaaaappaaaaaaaaappppaappapappaaaaaaapppppppppaaaappaaaaaapppppaappapppaaaaaaaappppppppapppappaaaaapppppppppapaapappaaaapppppapppapappaaaaaaapppppapppppppppaaaaapppppppppapappapappaapppppppppppapaaaaaaaappppppppppppppppaaaappppppppppppppapppppapppppppppppppapaaaaaapppppppppppppppaaaaappppppppppppppapppppapppppppppppppappaaaaapppppppppppppppapppappppppppppppppppppppapppppppppppppppppaaaapppppppppppppppapapppppppppppppppppppppppppppppppppppppppppppppppppppppppppppapapp
3,60,61,16,18,20,23,3,4,5,6,10,13,14,21,24,29,35,39,47,48,54,57,paaaaaaaaaaaaaaaaapaaaaaaaaaaaaaaaaaaapaaaaaaaaaaaaaaaaaaaaaaapaaaaaaaaaaaaaaaaapaaaaaaaaaaaaaaaaaaappaaaaaaaaaaaaaaaaaaaaapaaaaaaaaaaaaaaaappaaaaaaaaaaaaaaaaaapaapaaaaaaaaaaaaaaaaaaapppaaaaaaaaaaaaaaapaaaaaaaaaaaaaaaaaaaaapapaaaaaaaaaaaaaaaaaappapaaaaaaaaaaaaaappaaaaaaaaaaaaaaaaaaaapappppaaaaaaaaaaaaaaappappppaaaaaaaaaaapppaaaaaaaaaaaaaaaaapapaapapaaaaaaaaaaaaaaappppaappaaaaaaaaaapaapaaaaaaaaaaaaaaaapapapaapppaaaaaaaaaaaaappppapppaaaaaaaaaapaaapppaaaaaaaaaaaaappppppappppaaaaaaaaaaaappppppppppaaaaaaaappppaapaaaaaaaaaaaaappppppapappaaaaaaaaaaaappppapppappppaaaaappappapppaaaaaaaaaaappppppppppapaaaaaaaaaaapppppappapppapaaaappppppppappaaaaaaaaappppppppppppppaaaaaaaaappppppppapppppaaaappppppppaapppaaaaaaappppppppppapppppaaaaaaappppppppppppappaaappppppppapppppaaaaaappppppppppappppppppppaappppppppppppappaaappppppppappppapppaaappppppppppppppppppaaapappppppppppppappppappppppppapppppaappppppppppppppppppppppaapppppppppppppppppppppppppppppappppppppppappppppppppppppppappappp
